city_he,city_en,zone,region_group
בחר הכל,Select All,,
באר אורה,Be'er Ora,Aravah,Arava
עין חצבה,Ein Hatzeva,Aravah,Arava
עין יהב,Ein Yahav,Aravah,Arava
"אל עמארני, אל מסק","El Amrani, El Masaq",Aravah,Arava
אליפז ומכרות תמנע,Elipaz And Timna Mines,Aravah,Arava
גרופית,Grofit,Aravah,Arava
חצבה,Hatzeva,Aravah,Arava
עידן,Idan,Aravah,Arava
קטורה,Ktura,Aravah,Arava
לוטן,Lotan,Aravah,Arava
נאות סמדר,Neot Smadar,Aravah,Arava
נווה חריף,Neveh Harif,Aravah,Arava
פארן,Paran,Aravah,Arava
סמר,Samar,Aravah,Arava
ספיר,Sapir,Aravah,Arava
שחרות,Shachrut,Aravah,Arava
שיטים,Shitim,Aravah,Arava
צופר,Tzofar,Aravah,Arava
צוקים,Tzukim,Aravah,Arava
יהל,Yahel,Aravah,Arava
יטבתה,Yotvata,Aravah,Arava
אלמוג,Almog,Dead Sea,Arava
אבנת,Avnat,Dead Sea,Arava
בית הערבה,Beit HaArava,Dead Sea,Arava
בתי מלון ים המלח,Dead Sea Hotels,Dead Sea,Arava
מלונות ים המלח מרכז,Dead Sea Hotels - Center,Dead Sea,Arava
עין בוקק,Ein Bokek,Dead Sea,Arava
עין גדי,Ein Gedi,Dead Sea,Arava
מרחצאות עין גדי,Ein Gedi Baths,Dead Sea,Arava
עין תמר,Ein Tamar,Dead Sea,Arava
חוות מנחם,Havat Menachem,Dead Sea,Arava
קליה,Kalia,Dead Sea,Arava
חוף קליה,Kalia Beach,Dead Sea,Arava
מצדה,Massada,Dead Sea,Arava
מרכז אזורי מגילות,Megilot Regional Center,Dead Sea,Arava
מצוקי דרגות,Metzokei Dragot,Dead Sea,Arava
מצפה מדרג,Mitzpe Midrag,Dead Sea,Arava
מצפה שלם,Mitzpeh Shalem,Dead Sea,Arava
נאות הכיכר,Neot HaKikar,Dead Sea,Arava
נווה זוהר,Neveh Zohar,Dead Sea,Arava
ורד יריחו,Vered Yericho,Dead Sea,Arava
אל סייד,AlSayid,Center Negev,Beer Sheva / Negev
באר שבע - מזרח,Beer Sheva - East,Center Negev,Beer Sheva / Negev
באר שבע - צפון,Beer Sheva - North,Center Negev,Beer Sheva / Negev
באר שבע - דרום,Beer Sheva - South,Center Negev,Beer Sheva / Negev
באר שבע - מערב,Beer Sheva - West,Center Negev,Beer Sheva / Negev
בית קמה,Beit Kama,Center Negev,Beer Sheva / Negev
כרמית,Carmit,Center Negev,Beer Sheva / Negev
אתר דודאים,Duda'im Site,Center Negev,Beer Sheva / Negev
דביר,Dvir,Center Negev,Beer Sheva / Negev
אשכולות,Eshkolot,Center Negev,Beer Sheva / Negev
גבעות בר,Giv'ot Bar,Center Negev,Beer Sheva / Negev
חצרים,Hatzerim,Center Negev,Beer Sheva / Negev
חורה,Hura,Center Negev,Beer Sheva / Negev
אזור תעשייה עידן הנגב,Idan HaNegev Industrial Zone,Center Negev,Beer Sheva / Negev
כרמים,Kramim,Center Negev,Beer Sheva / Negev
להב,Lahav,Center Negev,Beer Sheva / Negev
לקיה,Laqiya,Center Negev,Beer Sheva / Negev
להבים,Lehavim,Center Negev,Beer Sheva / Negev
מיתר,Meitar,Center Negev,Beer Sheva / Negev
משמר הנגב,Mishmar HaNegev,Center Negev,Beer Sheva / Negev
נבטים,Nevatim,Center Negev,Beer Sheva / Negev
עומר,Omer,Center Negev,Beer Sheva / Negev
רהט,Rahat,Center Negev,Beer Sheva / Negev
סנסנה,Sansana,Center Negev,Beer Sheva / Negev
שגב שלום,Segev Shalom,Center Negev,Beer Sheva / Negev
שובל,Shoval,Center Negev,Beer Sheva / Negev
תל שבע,Tel Sheva,Center Negev,Beer Sheva / Negev
תארבין,Tirabin,Center Negev,Beer Sheva / Negev
אום בטין,Umm Batin,Center Negev,Beer Sheva / Negev
אזור תעשייה דימונה,Dimona Industrial Zone,South Negev,Beer Sheva / Negev
אבו קרינאת,Abu Qrenat,Southern Negev,Beer Sheva / Negev
אבו תלול,Abu Talul,Southern Negev,Beer Sheva / Negev
ערערה בנגב,Ar'ara BaNegev,Southern Negev,Beer Sheva / Negev
ערד,Arad,Southern Negev,Beer Sheva / Negev
אשלים,Ashalim,Southern Negev,Beer Sheva / Negev
עזוז,Azuz,Southern Negev,Beer Sheva / Negev
באר מילכה,Be'er Milka,Southern Negev,Beer Sheva / Negev
מדרשת בן גוריון,Ben Gurion College,Southern Negev,Beer Sheva / Negev
ביר הדאג',Bir Hadaj,Southern Negev,Beer Sheva / Negev
דימונה,Dimona,Southern Negev,Beer Sheva / Negev
אל פורעה,El For'eh,Southern Negev,Beer Sheva / Negev
חירן,Hiran,Southern Negev,Beer Sheva / Negev
קדש ברנע,Kadesh Barneah,Southern Negev,Beer Sheva / Negev
כפר הנוקדים,Kfar HaNokdim,Southern Negev,Beer Sheva / Negev
כמהין,Kmehin,Southern Negev,Beer Sheva / Negev
כסייפה,Kuseife,Southern Negev,Beer Sheva / Negev
מרעית,Mar'it,Southern Negev,Beer Sheva / Negev
משאבי שדה,Mashabei Sadeh,Southern Negev,Beer Sheva / Negev
מרחב עם,Merhav Am,Southern Negev,Beer Sheva / Negev
מצפה רמון,Mitzpeh Ramon,Southern Negev,Beer Sheva / Negev
ניצנה,Nitzana,Southern Negev,Beer Sheva / Negev
קסר א-סר,Qasr Al-Sir,Southern Negev,Beer Sheva / Negev
רתמים,Retamim,Southern Negev,Beer Sheva / Negev
רביבים,Revivim,Southern Negev,Beer Sheva / Negev
אזור תעשייה רותם,Rotem Industrial Zone,Southern Negev,Beer Sheva / Negev
סעווה,Sa'wa,Southern Negev,Beer Sheva / Negev
שדה בוקר,Sdeh Boker,Southern Negev,Beer Sheva / Negev
שאנטי במדבר,Shanti BaMidbar,Southern Negev,Beer Sheva / Negev
תל ערד,Tel Arad,Southern Negev,Beer Sheva / Negev
טללים,Tlalim,Southern Negev,Beer Sheva / Negev
ואדי אל נעם דרום,Wadi El Na'am South,Southern Negev,Beer Sheva / Negev
ירוחם,Yeruham,Southern Negev,Beer Sheva / Negev
אילת,Eilat,Eilat,Eilat
אילות,Eilot,Eilat,Eilat
אזור תעשייה שחורת,Shchoret Industrial Zone,Eilat,Eilat
בית אלפא וחפציבה,Beit Alfa And Heftziba,Beit She'an Valley,Galilee
בית השיטה,Beit HaShita,Beit She'an Valley,Galilee
בית שאן,Beit She'an,Beit She'an Valley,Galilee
בית יוסף,Beit Yossef,Beit She'an Valley,Galilee
עין הנצי'ב,Ein HaNatziv,Beit She'an Valley,Galilee
גני חוגה,Ganey Hugga,Beit She'an Valley,Galilee
גשר,Gesher,Beit She'an Valley,Galilee
חמדיה,Hamadia,Beit She'an Valley,Galilee
חוות עדן,Havat Eden,Beit She'an Valley,Galilee
כפר רופין,Kfar Ruppin,Beit She'an Valley,Galilee
מעלה גלבוע,Ma'aleh Gilboa,Beit She'an Valley,Galilee
מעוז חיים,Maoz Haim,Beit She'an Valley,Galilee
מנחמיה,Menahemia,Beit She'an Valley,Galilee
מירב,Merav,Beit She'an Valley,Galilee
מסילות,Messilot,Beit She'an Valley,Galilee
כפר גמילה מלכישוע,Mlkishua Rehabilitation Village,Beit She'an Valley,Galilee
מולדת,Moledet,Beit She'an Valley,Galilee
נוה איתן,Neve Eitan,Beit She'an Valley,Galilee
נווה אור,Neveh Or,Beit She'an Valley,Galilee
ניר דוד,Nir David,Beit She'an Valley,Galilee
רחוב,Rechov,Beit She'an Valley,Galilee
"רשפים, שלוחות, שלפים","Reshafim, Shluchot, Shlafim",Beit She'an Valley,Galilee
רוויה,Revaya,Beit She'an Valley,Galilee
שדה אליהו,Sdeh Eliyahu,Beit She'an Valley,Galilee
שדה נחום,Sdeh Nachum,Beit She'an Valley,Galilee
שדי תרומות,Sdei Trumot,Beit She'an Valley,Galilee
טייבה בגלבוע,Taibe (Gilboa),Beit She'an Valley,Galilee
תל תאומים,Tel Teomim,Beit She'an Valley,Galilee
טירת צבי,Tirat Zvi,Beit She'an Valley,Galilee
ירדנה,Yardena,Beit She'an Valley,Galilee
צומת אלמוג,Almog Junction,Bika'a,Galilee
החווה של עשהאל,Asa'el's Farm,Bika'a,Galilee
בתרונות,Bitronot,Bika'a,Galilee
עינות קדם,Einot Kedem,Bika'a,Galilee
אש קודש,Esh Kodesh,Bika'a,Galilee
חוות עמיאל,Havat Amiel,Bika'a,Galilee
חוות גנות,Havat Ganot,Bika'a,Galilee
חוות פריאל,Havat Priel,Bika'a,Galilee
חוות יד השומר,Havat Yad HaShomer,Bika'a,Galilee
קדם ערבה,Kedem Arava,Bika'a,Galilee
החווה של מנחם,Menachem's Farm,Bika'a,Galilee
מצפור פצאל,Mitzpor Fatsa'el,Bika'a,Galilee
חוות הרשאש,Rashash Farm,Bika'a,Galilee
שלומציון,Shlomtsiyon,Bika'a,Galilee
החווה של אורי כהן,Uri Cohen's Farm,Bika'a,Galilee
החווה של יאיא,Yaya's Farm,Bika'a,Galilee
ערב אל נעים,Arab Al Naim,Center Galilee,Galilee
עראבה,Arraba,Center Galilee,Galilee
עצמון - שגב,Atzmon (Segev),Center Galilee,Galilee
אבטליון,Avtalion,Center Galilee,Galilee
בית רימון,Beit Rimon,Center Galilee,Galilee
ביר אלמכסור,Bir Al-Maksur,Center Galilee,Galilee
בועיינה-נוג'ידאת,Bu'eine Nujeidat,Center Galilee,Galilee
דיר חנא,Deir Hanna,Center Galilee,Galilee
דמיידה,Dmeide,Center Galilee,Galilee
עילבון,Eilabun,Center Galilee,Galilee
אשבל,Eshbal,Center Galilee,Galilee
אשחר,Eshchar,Center Galilee,Galilee
חנתון,Hanaton,Center Galilee,Galilee
הררית יחד,Hararit Yachad,Center Galilee,Galilee
חזון,Hazon,Center Galilee,Galilee
חוסנייה,Hussniyya,Center Galilee,Galilee
אעבלין,Ibillin,Center Galilee,Galilee
כאבול,Kabul,Center Galilee,Galilee
כלנית,Kalanit,Center Galilee,Galilee
כאוכב אבו אלהיג'א,Kaukab Abu Al-Hija,Center Galilee,Galilee
כפר חנניה,Kfar Hanania,Center Galilee,Galilee
כפר מנדא,Kfar Manda,Center Galilee,Galilee
קורנית,Koranit,Center Galilee,Galilee
לוטם וחמדון,Lotem And Hamdon,Center Galilee,Galilee
מעלה צביה,Ma'aleh Zvia,Center Galilee,Galilee
מע'אר,Maghar,Center Galilee,Galilee
מנוף,Manof,Center Galilee,Galilee
מסד,Massad,Center Galilee,Galilee
מרכז אזורי משגב,Misgav Regional Center,Center Galilee,Galilee
מצפה אבי'ב,Mitzpeh Aviv,Center Galilee,Galilee
מצפה נטופה,Mitzpeh Netofa,Center Galilee,Galilee
מורן,Moran,Center Galilee,Galilee
מורשת,Moreshet,Center Galilee,Galilee
רקפת,Rakefet,Center Galilee,Galilee
ראס אל-עין,Ras Al-ein,Center Galilee,Galilee
רומת אל הייב,Rumat Al-Heib,Center Galilee,Galilee
סכנין,Sakhnin,Center Galilee,Galilee
סלמה,Salama,Center Galilee,Galilee
שעב,Sha'ab,Center Galilee,Galilee
שכניה,Shekhanya,Center Galilee,Galilee
שפרעם,Shfaram,Center Galilee,Galilee
שורשים,Shorashim,Center Galilee,Galilee
טמרה,Tamra,Center Galilee,Galilee
טפחות,Tefahot,Center Galilee,Galilee
טורעאן,Turan,Center Galilee,Galilee
"עוזייר, רומאנה","Uzeir, Romana",Center Galilee,Galilee
יעד,Ya'ad,Center Galilee,Galilee
יודפת,Yodfat,Center Galilee,Galilee
יובלים,Yuvalim,Center Galilee,Galilee
בית סוהר צלמון,Zalmon Prison,Center Galilee,Galilee
עדי,Adi,HaAmakim,Galilee
עפולה,Afula,HaAmakim,Galilee
אחוזת ברק,Ahuzat Barak,HaAmakim,Galilee
אלון הגליל,Alon HaGalil,HaAmakim,Galilee
אזור תעשייה אלון התבור,Alon HaTavor Industrial Zone,HaAmakim,Galilee
אלוני אבא,Alonei Abba,HaAmakim,Galilee
אלונים,Alonim,HaAmakim,Galilee
בלפוריה,Balfuria,HaAmakim,Galilee
בסמת טבעון,Basmat Tab'un,HaAmakim,Galilee
בית קשת,Beit Keshet,HaAmakim,Galilee
בית שערים,Beit Shea'rim,HaAmakim,Galilee
בית לחם הגלילית,Bethlehem of Galilee,HaAmakim,Galilee
דבוריה,Daburiyya,HaAmakim,Galilee
דברת,Dovrat,HaAmakim,Galilee
דחי,Ed-Dahi,HaAmakim,Galilee
עין דור,Ein Dor,HaAmakim,Galilee
"עין חרוד, תל יוסף","Ein Harod, Tel Yosef",HaAmakim,Galilee
עין מאהל,Ein Mahil,HaAmakim,Galilee
גן נר,Gan Ner,HaAmakim,Galilee
גזית,Gazit,HaAmakim,Galilee
גניגר,Genigar,HaAmakim,Galilee
גדעונה,Gidona,HaAmakim,Galilee
מתחם סקי גלבוע,Gilboa Ski Resort,HaAmakim,Galilee
גבעת אלה,Givat Ela,HaAmakim,Galilee
גבת,Gvat,HaAmakim,Galilee
הסוללים,HaSollelim,HaAmakim,Galilee
היוגב,HaYogev,HaAmakim,Galilee
חג'אג'רה,Hajajre,HaAmakim,Galilee
הרדוף,Harduf,HaAmakim,Galilee
הושעיה,Hoshaya,HaAmakim,Galilee
יפעת,Ifat,HaAmakim,Galilee
אכסאל,Iksal,HaAmakim,Galilee
אילניה,Ilania,HaAmakim,Galilee
עילוט,Ilut,HaAmakim,Galilee
כעביה טבאש,Ka'abiyye Tabbash,HaAmakim,Galilee
כדורי,Kadoorie,HaAmakim,Galilee
כפר מצר,Kafr Misr,HaAmakim,Galilee
כפר ברוך,Kfar Baruch,HaAmakim,Galilee
תחנת רכבת כפר ברוך,Kfar Baruch Train Station,HaAmakim,Galilee
כפר גדעון,Kfar Gidon,HaAmakim,Galilee
כפר החורש,Kfar HaHoresh,HaAmakim,Galilee
כפר כנא,Kfar Kana,HaAmakim,Galilee
כפר קיש,Kfar Kish,HaAmakim,Galilee
כפר תבור,Kfar Tavor,HaAmakim,Galilee
כפר תקווה,Kfar Tikva,HaAmakim,Galilee
כפר יחזקאל,Kfar Yechezkel,HaAmakim,Galilee
כפר יהושע,Kfar Yehoshua,HaAmakim,Galilee
כפר ח'וואלד,Khawaled Village,HaAmakim,Galilee
קריית טבעון - בית זייד,Kiryat Tivon - Beit Zaid,HaAmakim,Galilee
קבוצת גבע,Kvutzat Geva,HaAmakim,Galilee
מגן שאול,Magen Shaul,HaAmakim,Galilee
מנשית זבדה,Manshiya Zabda,HaAmakim,Galilee
משהד,Mashhad,HaAmakim,Galilee
מרחביה קיבוץ,Merhavia Kibbutz,HaAmakim,Galilee
מרחביה מושב,Merhavia Moshav,HaAmakim,Galilee
מרכז חבר,Merkaz Hever,HaAmakim,Galilee
אזור תעשייה מבואות הגלבוע,Mevuot HaGilboa Industrial Zone,HaAmakim,Galilee
מגדל העמק,Migdal HaEmek,HaAmakim,Galilee
מזרע,Mizra,HaAmakim,Galilee
מוקיבלה,Muqeible,HaAmakim,Galilee
נאעורה,Na'ura,HaAmakim,Galilee
נהלל,Nahalal,HaAmakim,Galilee
נצרת,Nazareth,HaAmakim,Galilee
נין,Nin,HaAmakim,Galilee
נוף הגליל,Nof HaGalil,HaAmakim,Galilee
נופית,Nofit,HaAmakim,Galilee
נורית,Nurit,HaAmakim,Galilee
ישובי אומן,Omen Settlements,HaAmakim,Galilee
אורנים,Oranim,HaAmakim,Galilee
רם און,Ram On,HaAmakim,Galilee
רמת דוד,Ramat David,HaAmakim,Galilee
רמת ישי,Ramat Ishai,HaAmakim,Galilee
רמת צבי,Ramat Zvi,HaAmakim,Galilee
ראס עלי,Ras Ali,HaAmakim,Galilee
ריינה,Reineh,HaAmakim,Galilee
סנדלה,Sandala,HaAmakim,Galilee
שריד,Sarid,HaAmakim,Galilee
סואעד חמירה,Sawad Humeria,HaAmakim,Galilee
שדה יעקב,Sdeh Yacov,HaAmakim,Galilee
שער העמקים,Sha'ar HaAmakim,HaAmakim,Galilee
שדמות דבורה,Shadmot Dvora,HaAmakim,Galilee
שיבלי אום אלג'נם,Shibli-Umm Al-Ghanam,HaAmakim,Galilee
שמשית,Shimshit,HaAmakim,Galilee
סולם,Sulam,HaAmakim,Galilee
טמרה בגלבוע,Tamra (Gilboa),HaAmakim,Galilee
תל עדשים,Tel Adashim,HaAmakim,Galilee
תמרת,Timrat,HaAmakim,Galilee
אזור תעשייה ציפורית,Tziporit Industrial Zone,HaAmakim,Galilee
ציפורי,Tzippori,HaAmakim,Galilee
ישובי יעל,Yael Settlements,HaAmakim,Galilee
יפיע,Yafia,HaAmakim,Galilee
יזרעאל,Yizre'el,HaAmakim,Galilee
זרזיר,Zarzir,HaAmakim,Galilee
אפיקים,Afikim,Lower Galilee,Galilee
אלומות,Alumot,Lower Galilee,Galilee
ארבל,Arbel,Lower Galilee,Galilee
אזור תעשייה בר-לב,Bar Lev Industrial Zone,Lower Galilee,Galilee
בית ירח,Beit Yerah,Lower Galilee,Galilee
בית זרע,Beit Zera,Lower Galilee,Galilee
דגניה א,Degania Alef,Lower Galilee,Galilee
דגניה ב,Degania Bet,Lower Galilee,Galilee
גינוסר,Ginosar,Lower Galilee,Galilee
גבעת אבני,Giv'at Avni,Lower Galilee,Galilee
אתר ההנצחה גולני,Golani Memorial Site,Lower Galilee,Galilee
הזורעים,HaZor'im,Lower Galilee,Galilee
הודיות,Hodayot,Lower Galilee,Galilee
חוקוק,Hukok,Lower Galilee,Galilee
כפר חיטים,Kfar Hittim,Lower Galilee,Galilee
כפר כמא,Kfar Kama,Lower Galilee,Galilee
כפר נהר הירדן,Kfar Nehar HaYarden,Lower Galilee,Galilee
כפר זיתים,Kfar Zeitim,Lower Galilee,Galilee
אזור תעשייה קדמת גליל,Kidmat Galil Industrial Zone,Lower Galilee,Galilee
כינרת קבוצה,Kvutzat Kinneret,Lower Galilee,Galilee
לביא,Lavi,Lower Galilee,Galilee
לבנים,Livnim,Lower Galilee,Galilee
מגדל,Migdal,Lower Galilee,Galilee
מצפה,Mitzpeh,Lower Galilee,Galilee
כינרת מושבה,Moshavat Kinneret,Lower Galilee,Galilee
נבי שועייב,Nabi Shu'ayb,Lower Galilee,Galilee
פוריה כפר עבודה,Poria - Kfar Avoda,Lower Galilee,Galilee
פוריה נווה עובד,Poria - Neve Oved,Lower Galilee,Galilee
פוריה עילית,Poria Illit,Lower Galilee,Galilee
רביד,Ravid,Lower Galilee,Galilee
שדה אילן,Sdeh Ilan,Lower Galilee,Galilee
שרונה,Sharona,Lower Galilee,Galilee
אזור תעשייה תרדיון,Teradion Industrial Zone,Lower Galilee,Galilee
טבריה,Tiberias,Lower Galilee,Galilee
ואדי אל חמאם,Wadi Hamam,Lower Galilee,Galilee
יבנאל,Yavne'el,Lower Galilee,Galilee
אבו סנאן,Abu Snan,Upper Galilee,Galilee
עכו - אזור תעשייה,Acco - Industrial Zone,Upper Galilee,Galilee
אחיהוד,Achihud,Upper Galilee,Galilee
עכו,Acre,Upper Galilee,Galilee
עכו - רמות ים,Acre - Ramot Yam,Upper Galilee,Galilee
אפק,Afek,Upper Galilee,Galilee
בית העלמין החדש עכו,Akko New Cemetery,Upper Galilee,Galilee
עמיעד,Amiad,Upper Galilee,Galilee
אמירים,Amirim,Upper Galilee,Galilee
עמקה,Amka,Upper Galilee,Galilee
אמנון,Amnon,Upper Galilee,Galilee
עמוקה,Amuka,Upper Galilee,Galilee
איילת השחר,Ayelet HaShachar,Upper Galilee,Galilee
בר יוחאי,Bar Yochai,Upper Galilee,Galilee
בית העמק,Beit HaEmek,Upper Galilee,Galilee
בית ג'אן,Beit Jann,Upper Galilee,Galilee
בענה,Bi'ina,Upper Galilee,Galilee
ביריה,Biriyeh,Upper Galilee,Galilee
בוסתן הגליל,Bustan HaGalil,Upper Galilee,Galilee
אזור תעשייה כרמיאל,Carmiel Industrial Zone,Upper Galilee,Galilee
דיר אל-אסד,Deir Al-Asad,Upper Galilee,Galilee
עין אל אסד,Ein Al-Asad,Upper Galilee,Galilee
עין המפרץ,Ein HaMifratz,Upper Galilee,Galilee
אליפלט,Elifelet,Upper Galilee,Galilee
פרוד,Farod,Upper Galilee,Galilee
גדות,Gadot,Upper Galilee,Galilee
גיתה,Gita,Upper Galilee,Galilee
הר חלוץ,Har Halutz,Upper Galilee,Galilee
חרשים,Harashim,Upper Galilee,Galilee
חצור הגלילית,Hatzor HaGlilit,Upper Galilee,Galilee
חמדת ימים,Hemdat Yamim,Upper Galilee,Galilee
חולתה,Hulata,Upper Galilee,Galilee
ג'דידה מכר,Jadeidi-Makr,Upper Galilee,Galilee
ג'וליס,Julis,Upper Galilee,Galilee
קדרים,Kadarim,Upper Galilee,Galilee
קדיתא,Kadita,Upper Galilee,Galilee
כחל,Kahal,Upper Galilee,Galilee
כמון - כמאנה מזרחית,Kamon - Kamane East,Upper Galilee,Galilee
כרכום,Karkom,Upper Galilee,Galilee
כרמיאל,Karmiel,Upper Galilee,Galilee
כפר הנשיא,Kfar HaNassi,Upper Galilee,Galilee
כפר מסריק,Kfar Masaryk,Upper Galilee,Galilee
כפר שמאי,Kfar Shamai,Upper Galilee,Galilee
כפר יאסיף,Kfar Yassif,Upper Galilee,Galilee
כישור,Kishor,Upper Galilee,Galilee
כסרא סמיע,Kisra-Sumei,Upper Galilee,Galilee
כליל,Klil,Upper Galilee,Galilee
כורזים ורד הגליל,Korazim Vered HaGalil,Upper Galilee,Galilee
לפידות,Lapidot,Upper Galilee,Galilee
לבון,Lavon,Upper Galilee,Galilee
לוחמי הגטאות,Lochamei HaGetaot,Upper Galilee,Galilee
מחניים,Machanaim,Upper Galilee,Galilee
מנחת מחניים,Machanaim Landing Pad,Upper Galilee,Galilee
מג'דל כרום,Majd Al-Krum,Upper Galilee,Galilee
מרכז אזורי מרום גליל,Marom HaGalil Regional Center,Upper Galilee,Galilee
מזרעה,Mazra'a,Upper Galilee,Galilee
מירון,Meron,Upper Galilee,Galilee
מגדל תפן,Migdal Tefen,Upper Galilee,Galilee
משמר הירדן,Mishmar HaYarden,Upper Galilee,Galilee
נחף,Nachaf,Upper Galilee,Galilee
נס עמים,Ness Amim,Upper Galilee,Galilee
נתיב השיירה,Netiv HaShayara,Upper Galilee,Galilee
אור הגנוז,Or HaGanuz,Upper Galilee,Galilee
אשרת,Oshrat,Upper Galilee,Galilee
פלך,Pelekh,Upper Galilee,Galilee
ראמה,Rama,Upper Galilee,Galilee
מרכז אזורי רמת כורזים,Ramat Korazim Regional Center,Upper Galilee,Galilee
רגבה,Regba,Upper Galilee,Galilee
ראש פינה,Rosh Pinna,Upper Galilee,Galilee
צפת - עכברה,Safed - 'Akbara,Upper Galilee,Galilee
צפת - עיר,Safed - City,Upper Galilee,Galilee
צפת - נוף כנרת,Safed - Nof Ha-Kinneret,Upper Galilee,Galilee
ספסופה - כפר חושן,Safsufa (Kfar Hoshen),Upper Galilee,Galilee
סאג'ור,Sajur,Upper Galilee,Galilee
שדה אליעזר,Sdeh Eliezer,Upper Galilee,Galilee
אזור תעשייה שער נעמן,Sha'ar Na'aman Industrial Zone,Upper Galilee,Galilee
שבי ציון,Shavei Zion,Upper Galilee,Galilee
שפר,Shefer,Upper Galilee,Galilee
שייח' דנון,Sheikh Danun,Upper Galilee,Galilee
שזור,Shezor,Upper Galilee,Galilee
שמרת,Shomrat,Upper Galilee,Galilee
טל - אל,Tal-El,Upper Galilee,Galilee
טובא זנגריה,Tuba-Zangariyye,Upper Galilee,Galilee
תובל,Tuval,Upper Galilee,Galilee
אזור תעשייה צ.ח.ר,Tzahar Industrial Zone,Upper Galilee,Galilee
צורית גילון,Tzurit Gilon,Upper Galilee,Galilee
ינוח ג'ת,Yanuh-Jat,Upper Galilee,Galilee
ירכא,Yarka,Upper Galilee,Galilee
יסעור,Yasur,Upper Galilee,Galilee
יסוד המעלה,Yesud Hama'ala,Upper Galilee,Galilee
עלומים,Alumim,Gaza Envelope,Gaza Area
אבשלום,Avshalom,Gaza Envelope,Gaza Area
בארי,Be'eri,Gaza Envelope,Gaza Area
בני נצרים,Bnei Netzarim,Gaza Envelope,Gaza Area
דקל,Dekel,Gaza Envelope,Gaza Area
עין הבשור,Ein HaBsor,Gaza Envelope,Gaza Area
עין השלושה,Ein HaShlosha,Gaza Envelope,Gaza Area
ארז,Erez,Gaza Envelope,Gaza Area
"גבים, מכללת ספיר","Gavim, Sapir College",Gaza Envelope,Gaza Area
גברעם,Gvaram,Gaza Envelope,Gaza Area
חולית,Holit,Gaza Envelope,Gaza Area
כרמיה,Karmia,Gaza Envelope,Gaza Area
כרם שלום,Kerem Shalom,Gaza Envelope,Gaza Area
כפר עזה,Kfar Azza,Gaza Envelope,Gaza Area
כפר מימון ותושיה,Kfar Maimon And Tushia,Gaza Envelope,Gaza Area
כיסופים,Kissufim,Gaza Envelope,Gaza Area
מגן,Magen,Gaza Envelope,Gaza Area
מפלסים,Mefalsim,Gaza Envelope,Gaza Area
"מבטחים, עמיעוז, ישע","Mivtahim, Ami'oz, Yesha",Gaza Envelope,Gaza Area
נחל עוז,Nachal Oz,Gaza Envelope,Gaza Area
נווה,Naveh,Gaza Envelope,Gaza Area
נתיב העשרה,Netiv HaAssara,Gaza Envelope,Gaza Area
ניר עם,Nir Am,Gaza Envelope,Gaza Area
מטווח ניר עם,Nir Am Shooting Range,Gaza Envelope,Gaza Area
ניר יצחק,Nir Itzhak,Gaza Envelope,Gaza Area
ניר עוז,Nir Oz,Gaza Envelope,Gaza Area
נירים,Nirim,Gaza Envelope,Gaza Area
חניון רעים אנדרטת הנובה,Nova Festival Victims Memorial Reim Parking,Gaza Envelope,Gaza Area
אור הנר,Or HaNer,Gaza Envelope,Gaza Area
פרי גן,Pri Gan,Gaza Envelope,Gaza Area
רעים,Reim,Gaza Envelope,Gaza Area
סעד,Sa'ad,Gaza Envelope,Gaza Area
שדי אברהם,Sdeh Avraham,Gaza Envelope,Gaza Area
שדה ניצן,Sdeh Nitzan,Gaza Envelope,Gaza Area
"שדרות, איבים","Sderot, Ibim",Gaza Envelope,Gaza Area
שלומית,Shlomit,Gaza Envelope,Gaza Area
שוקדה,Shokeda,Gaza Envelope,Gaza Area
סופה,Sufa,Gaza Envelope,Gaza Area
תלמי אליהו,Talmei Eliyahu,Gaza Envelope,Gaza Area
תלמי יוסף,Talmei Yossef,Gaza Envelope,Gaza Area
תקומה,Tkuma,Gaza Envelope,Gaza Area
יד מרדכי,Yad Mordechai,Gaza Envelope,Gaza Area
יכיני,Yakhini,Gaza Envelope,Gaza Area
יתד,Yated,Gaza Envelope,Gaza Area
יבול,Yevul,Gaza Envelope,Gaza Area
זיקים,Zikim,Gaza Envelope,Gaza Area
חוף זיקים,Zikim Beach,Gaza Envelope,Gaza Area
"זמרת, שובה","Zimrat, Shuva",Gaza Envelope,Gaza Area
"צוחר, אוהד","Zohar, Ohad",Gaza Envelope,Gaza Area
בית הגדי,Beit HaGdi,West Negev,Gaza Area
בטחה,Bitha,West Negev,Gaza Area
ברור חיל,Bror Hayil,West Negev,Gaza Area
ברוש,Brosh,West Negev,Gaza Area
דורות,Dorot,West Negev,Gaza Area
אשבול,Eshbol,West Negev,Gaza Area
אשל הנשיא,Eshel HaNassi,West Negev,Gaza Area
גילת,Gilat,West Negev,Gaza Area
גבולות,Gvulot,West Negev,Gaza Area
קלחים,Klachim,West Negev,Gaza Area
"מעגלים, גבעולים, מלילות","Ma'galim, Giv'olim, M'lilot",West Negev,Gaza Area
מבועים,Mabu'im,West Negev,Gaza Area
מסלול,Maslul,West Negev,Gaza Area
קריית חינוך מרחבים,Merhavim Educational Campus,West Negev,Gaza Area
נתיבות,Netivot,West Negev,Gaza Area
ניר עקיבא,Nir Akiva,West Negev,Gaza Area
ניר משה,Nir Moshe,West Negev,Gaza Area
אזור תעשייה נ.ע.מ,Noam Industrial Zone,West Negev,Gaza Area
אופקים,Ofakim,West Negev,Gaza Area
פעמי תש'ז,Pa'amei Tashaz,West Negev,Gaza Area
פטיש,Patish,West Negev,Gaza Area
פדויים,Pduim,West Negev,Gaza Area
רנן,Renan,West Negev,Gaza Area
רוחמה,Rochama,West Negev,Gaza Area
שדה צבי,Sdeh Zvi,West Negev,Gaza Area
שרשרת,Sharsheret,West Negev,Gaza Area
שבי דרום,Shavei Darom,West Negev,Gaza Area
שיבולים,Shibolim,West Negev,Gaza Area
תאשור,Ta'ashur,West Negev,Gaza Area
תלמי ביל'ו,Talmei Bilu,West Negev,Gaza Area
תדהר,Tidhar,West Negev,Gaza Area
תפרח,Tifrach,West Negev,Gaza Area
אורים,Urim,West Negev,Gaza Area
יושיביה,Yoshivia,West Negev,Gaza Area
צאלים,Ze'elim,West Negev,Gaza Area
זרועה,Zru'a,West Negev,Gaza Area
אבירים,Abirim,Confrontation Line,Golan
אלקוש,Alkosh,Confrontation Line,Golan
עלמה,Alma,Confrontation Line,Golan
עמיר,Amir,Confrontation Line,Golan
ערב אל עראמשה,Arab Al-Aramshe,Confrontation Line,Golan
עבדון,Avdon,Confrontation Line,Golan
אביבים,Avivim,Confrontation Line,Golan
ברעם,Baram,Confrontation Line,Golan
בית הלל,Beit Hillel,Confrontation Line,Golan
בן עמי,Ben Ami,Confrontation Line,Golan
בצת,Betzet,Confrontation Line,Golan
חוף בצת,Betzet Beach,Confrontation Line,Golan
כברי,Cabri,Confrontation Line,Golan
דפנה,Dafna,Confrontation Line,Golan
דלתון,Dalton,Confrontation Line,Golan
דישון,Dishon,Confrontation Line,Golan
דוב'ב,Dovev,Confrontation Line,Golan
אילון,Eilon,Confrontation Line,Golan
עין יעקב,Ein Yacov,Confrontation Line,Golan
אבן מנחם,Even Menachem,Confrontation Line,Golan
עברון,Evron,Confrontation Line,Golan
פסוטה,Fassuta,Confrontation Line,Golan
געתון,Ga'aton,Confrontation Line,Golan
גשר הזיו,Gesher HaZiv,Confrontation Line,Golan
ע'ג'ר,Ghajar,Confrontation Line,Golan
גונן,Gonen,Confrontation Line,Golan
גורן,Goren,Confrontation Line,Golan
גורנות הגליל,Gornot HaGalil,Confrontation Line,Golan
הגושרים,HaGoshrim,Confrontation Line,Golan
חניתה,Hanita,Confrontation Line,Golan
הילה,Hila,Confrontation Line,Golan
חוף אכזיב,Hof Achziv,Confrontation Line,Golan
חוסן,Hossen,Confrontation Line,Golan
חורפיש,Hurfeish,Confrontation Line,Golan
אדמית,Idmit,Confrontation Line,Golan
יפתח,Iftach,Confrontation Line,Golan
ג'ש - גוש חלב,Jish (Gush Halav),Confrontation Line,Golan
כרם בן זמרה,Kerem Ben Zimra,Confrontation Line,Golan
כפר בלום,Kfar Blum,Confrontation Line,Golan
כפר גלעדי,Kfar Giladi,Confrontation Line,Golan
כפר סאלד,Kfar Szold,Confrontation Line,Golan
כפר ורדים,Kfar Vradim,Confrontation Line,Golan
כפר יובל,Kfar Yuval,Confrontation Line,Golan
קיבוץ דן,Kibutz Dan,Confrontation Line,Golan
קריית שמונה,Kiryat Shmona,Confrontation Line,Golan
להבות הבשן,Lehavot HaBashan,Confrontation Line,Golan
לימן,Lehman,Confrontation Line,Golan
לב החולה,Lev Ha-Hula,Confrontation Line,Golan
מעלות תרשיחא,Ma'a Lot Tarshicha,Confrontation Line,Golan
מעיין ברוך,Ma'ayan Baruch,Confrontation Line,Golan
מלכיה,Malkia,Confrontation Line,Golan
מנרה,Manara,Confrontation Line,Golan
מנות,Manot,Confrontation Line,Golan
מעונה,Maona,Confrontation Line,Golan
מרגליות,Margaliot,Confrontation Line,Golan
מתת,Matat,Confrontation Line,Golan
מטולה,Metulla,Confrontation Line,Golan
מצובה,Metzuba,Confrontation Line,Golan
מרכז אזורי מבואות חרמון,Mevuot Hermon Regional Council,Confrontation Line,Golan
מעיליא,Mi'ilya,Confrontation Line,Golan
מכמנים - כמאנה מערבית,Mikhmanim - Kamane West,Confrontation Line,Golan
איזור תעשייה מילואות צפון,Milouot Industrial Zone North,Confrontation Line,Golan
משגב עם,Misgav Am,Confrontation Line,Golan
נהריה,Nahariya,Confrontation Line,Golan
בית העלמין החדש נהריה,Nahariya Cemetery,Confrontation Line,Golan
נאות מרדכי,Neot Mordechai,Confrontation Line,Golan
נטועה,Netua,Confrontation Line,Golan
נווה זיו,Neveh Ziv,Confrontation Line,Golan
פקיעין,Peki'in,Confrontation Line,Golan
פקיעין החדשה,Peki'in HaHadasha,Confrontation Line,Golan
אזור תעשייה רמת דלתון,Ramat Dalton Industrial Zone,Confrontation Line,Golan
רמות נפתלי,Ramot Naftali,Confrontation Line,Golan
ריחאנייה,Rehaniya,Confrontation Line,Golan
ראש הנקרה,Rosh HaNikra,Confrontation Line,Golan
סער,Sa'ar,Confrontation Line,Golan
סאסא,Sassa,Confrontation Line,Golan
בית ספר שדה מירון,Sdeh Meron School,Confrontation Line,Golan
שדה נחמיה,Sdeh Nechemia,Confrontation Line,Golan
שמיר,Shamir,Confrontation Line,Golan
שאר ישוב,Shear Yeshuv,Confrontation Line,Golan
שלומי,Shlomi,Confrontation Line,Golan
שומרה,Shomera,Confrontation Line,Golan
שתולה,Shtula,Confrontation Line,Golan
שניר,Snir,Confrontation Line,Golan
תל חי,Tel Hai,Confrontation Line,Golan
צוריאל,Tzuriel,Confrontation Line,Golan
יערה,Ya'ara,Confrontation Line,Golan
יחיעם,Yechiam,Confrontation Line,Golan
יראון,Yir'on,Confrontation Line,Golan
זרעית,Zarit,Confrontation Line,Golan
צבעון,Zivon,Confrontation Line,Golan
בוקעתא,Buq'ata,Northern Golan,Golan
עין קנייא,Ein Quiniyye,Northern Golan,Golan
עין זיוון,Ein Zivan,Northern Golan,Golan
אל רום,El Rom,Northern Golan,Golan
קלע אלון,Kela Alon,Northern Golan,Golan
מג'דל שמס,Majdal Shams,Northern Golan,Golan
מסעדה,Mas'ade,Northern Golan,Golan
מרום גולן,Merom Golan,Northern Golan,Golan
נווה אטי'ב,Neveh Ativ,Northern Golan,Golan
נמרוד,Nimrod,Northern Golan,Golan
אודם,Odem,Northern Golan,Golan
אורטל,Ortal,Northern Golan,Golan
רמת טראמפ,Ramat Trump,Northern Golan,Golan
שעל,Sha'al,Northern Golan,Golan
אפיק,Afik,Southern Golan,Golan
אלמגור,Almagor,Southern Golan,Golan
אלוני הבשן,Alonei HaBashan,Southern Golan,Golan
אניעם,Aniam,Southern Golan,Golan
אשדות יעקב,Ashdot Yaacov,Southern Golan,Golan
אבני איתן,Avnei Eitan,Southern Golan,Golan
בני יהודה וגבעת יואב,Bnei Yehuda And Givat Yoav,Southern Golan,Golan
אזור תעשייה בני יהודה,Bnei Yehuda Industrial Zone,Southern Golan,Golan
עין גב,Ein Gev,Southern Golan,Golan
אלי עד,Eliad,Southern Golan,Golan
גשור,Gshur,Southern Golan,Golan
האון,Ha'On,Southern Golan,Golan
חד נס,Had Ness,Southern Golan,Golan
חמת גדר,Hamat Gader,Southern Golan,Golan
חספין,Haspin,Southern Golan,Golan
כנף,Kanaf,Southern Golan,Golan
קצרין,Katzrin,Southern Golan,Golan
קצרין - אזור תעשייה,Katzrin - Industrial Area,Southern Golan,Golan
קשת,Keshet,Southern Golan,Golan
כפר חרוב,Kfar Haruv,Southern Golan,Golan
קדמת צבי,Kidmat Zvi,Southern Golan,Golan
מעגן,Ma'agan,Southern Golan,Golan
מעלה גמלא,Ma'aleh Gamla,Southern Golan,Golan
מסדה,Masada,Southern Golan,Golan
מיצר,Metzar,Southern Golan,Golan
מבוא חמה,Mevo Hama,Southern Golan,Golan
נטור,Natur,Southern Golan,Golan
נאות גולן,Neot Golan,Southern Golan,Golan
נוב,Nov,Southern Golan,Golan
רמת מגשימים,Ramat Magshimim,Southern Golan,Golan
רמות,Ramot,Southern Golan,Golan
שער הגולן,Sha'ar HaGolan,Southern Golan,Golan
תל קציר,Tel Katzir,Southern Golan,Golan
צמח,Tsemach,Southern Golan,Golan
יונתן,Yonatan,Southern Golan,Golan
ארגמן,Argaman,Baka,Haifa Area
בית חגלה,Beit Hogla,Baka,Haifa Area
בקעות,Beka'ot,Baka,Haifa Area
גלגל,Gilgal,Baka,Haifa Area
גיתית,Gitit,Baka,Haifa Area
חמרה,Hamra,Baka,Haifa Area
חמדת,Hemdat,Baka,Haifa Area
מעלה אפרים,Ma'aleh Ephraim,Baka,Haifa Area
משכיות,Maskiot,Baka,Haifa Area
משואה,Masua,Baka,Haifa Area
מחולה,Mehola,Baka,Haifa Area
מכורה,Mekhora,Baka,Haifa Area
מבואות יריחו,Mevuot Yericho,Baka,Haifa Area
נעמה,Na'ama,Baka,Haifa Area
נתיב הגדוד,Netiv HaGdud,Baka,Haifa Area
נערן,Niran,Baka,Haifa Area
פצאל,Petza'el,Baka,Haifa Area
רועי,Roee,Baka,Haifa Area
רותם,Rotem,Baka,Haifa Area
שדמות מחולה,Shadmot Mechola,Baka,Haifa Area
תומר,Tomer,Baka,Haifa Area
יפית,Yafit,Baka,Haifa Area
ייט'ב,Yitav,Baka,Haifa Area
עתלית,Atlit,HaCarmel,Haifa Area
בת שלמה,Bat Shlomo,HaCarmel,Haifa Area
בית אורן,Beit Oren,HaCarmel,Haifa Area
בית צבי,Beit Zvi,HaCarmel,Haifa Area
דלית אל כרמל,Daliyat Al-Karmel,HaCarmel,Haifa Area
"דור, נחשולים","Dor, Nachsholim",HaCarmel,Haifa Area
עין איילה,Ein Ayala,HaCarmel,Haifa Area
עין כרמל,Ein Carmel,HaCarmel,Haifa Area
עין חוד,Ein Chod,HaCarmel,Haifa Area
עין הוד,Ein Hod,HaCarmel,Haifa Area
פוריידיס,Fureidis,HaCarmel,Haifa Area
גבע כרמל,Geva Carmel,HaCarmel,Haifa Area
גבעת וולפסון,Givat Wolfson,HaCarmel,Haifa Area
הבונים,HaBonim,HaCarmel,Haifa Area
עספיא,Isfiya,HaCarmel,Haifa Area
כרם מהר'ל,Kerem Maharal,HaCarmel,Haifa Area
בית סוהר קישון,Kishon Prison,HaCarmel,Haifa Area
מגדים,Megadim,HaCarmel,Haifa Area
מאיר שפיה,Meir Shfeya,HaCarmel,Haifa Area
מרכז מיר'ב,Merav Center,HaCarmel,Haifa Area
נווה ים,Neveh Yam,HaCarmel,Haifa Area
"ניר עציון, ימין אורד","Nir Etsion, Yamin Orde",HaCarmel,Haifa Area
עופר,Ofer,HaCarmel,Haifa Area
צרופה,Tzrufa,HaCarmel,Haifa Area
החותרים,HaHotrim,HaMifratz (The Bay),Haifa Area
חיפה - בת גלים ק.אליעזר,"Haifa - Bat Galim, Kiryat Eliezer",HaMifratz (The Bay),Haifa Area
חיפה - מפרץ,Haifa - Bay,HaMifratz (The Bay),Haifa Area
"חיפה - כרמל, הדר ועיר תחתית","Haifa - Carmel, Hadar And Downtown Lower City",HaMifratz (The Bay),Haifa Area
חיפה - קריית חיים ושמואל,Haifa - Kiryat Haim & Kiryat Shmuel,HaMifratz (The Bay),Haifa Area
חיפה - נווה שאנן ורמות כרמל,Haifa - Ramot HaCarmel And Neveh Sha'anan,HaMifratz (The Bay),Haifa Area
חיפה - מערב,Haifa - West,HaMifratz (The Bay),Haifa Area
איבטין,Ibtin,HaMifratz (The Bay),Haifa Area
כפר ביאליק,Kfar Biyalik,HaMifratz (The Bay),Haifa Area
כפר גלים,Kfar Galim,HaMifratz (The Bay),Haifa Area
כפר המכבי,Kfar HaMaccabi,HaMifratz (The Bay),Haifa Area
כפר חסידים,Kfar Hassidim,HaMifratz (The Bay),Haifa Area
קריית אתא,Kiryat Atta,HaMifratz (The Bay),Haifa Area
אזור תעשייה קריית ביאליק,Kiryat Bialik Industrial Zone,HaMifratz (The Bay),Haifa Area
קריית ביאליק,Kiryat Biyalik,HaMifratz (The Bay),Haifa Area
קריית מוצקין,Kiryat Motzkin,HaMifratz (The Bay),Haifa Area
קריית ים,Kiryat Yam,HaMifratz (The Bay),Haifa Area
נשר,Nesher,HaMifratz (The Bay),Haifa Area
אזור תעשייה ניר עציון,Nir Etzion Industrial Area,HaMifratz (The Bay),Haifa Area
רמת יוחנן,Ramat Yochana,HaMifratz (The Bay),Haifa Area
רכסים,Rechasim,HaMifratz (The Bay),Haifa Area
בית עלמין תל רגב,Tel Regev Cemetary,HaMifratz (The Bay),Haifa Area
טירת כרמל,Tirat Carmel,HaMifratz (The Bay),Haifa Area
אושה,Usha,HaMifratz (The Bay),Haifa Area
יגור,Yagur,HaMifratz (The Bay),Haifa Area
אלוני יצחק,Alonei Itzhak,Menashe,Haifa Area
עמיקם,Amikam,Menashe,Haifa Area
אביאל,Aviel,Menashe,Haifa Area
ברקאי,Barkai,Menashe,Haifa Area
בית חנניה,Beit Hanania,Menashe,Haifa Area
בנימינה,Binyamina,Menashe,Haifa Area
קיסריה,Caesarea,Menashe,Haifa Area
נמל קיסריה,Caesarea Harbor,Menashe,Haifa Area
אזור תעשייה קיסריה,Caesarea Industrial Zone,Menashe,Haifa Area
"בי""ס כרמים בנימינה",Cramim Binyamina School,Menashe,Haifa Area
עין עירון,Ein Iron,Menashe,Haifa Area
עין שמר,Ein Shemer,Menashe,Haifa Area
גן השומרון,Gan HaShomron,Menashe,Haifa Area
גן שמואל,Gan Shmuel,Menashe,Haifa Area
גבעת עדה,Givat Ada,Menashe,Haifa Area
חדרה - מרכז,Hadera - Center,Menashe,Haifa Area
חדרה - מזרח,Hadera - East,Menashe,Haifa Area
חדרה - נווה חיים,Hadera - Neveh Haim,Menashe,Haifa Area
חדרה - מערב,Hadera - West,Menashe,Haifa Area
ג'סר א-זרקא,Jisr Az-Zarqa,Menashe,Haifa Area
כפר גליקסון,Kfar Glickson,Menashe,Haifa Area
כפר פינס,Kfar Pinnes,Menashe,Haifa Area
תחנת רכבת כפר יהושוע,Kfar Yehoshua Train Station,Menashe,Haifa Area
להבות חביבה,Lehavot Haviva,Menashe,Haifa Area
מעגן מיכאל,Ma'agan Michael,Menashe,Haifa Area
מעיין צבי,Ma'ayan Zvi,Menashe,Haifa Area
"מענית, גבעת חביבה","Maanit, Givat Haviva",Menashe,Haifa Area
מאור,Maor,Menashe,Haifa Area
אזור תעשייה מבוא כרמל,Mevo Carmel Industrial Zone,Menashe,Haifa Area
משמרות,Mishmarot,Menashe,Haifa Area
אור עקיבא,Or Akiva,Menashe,Haifa Area
פרדס חנה כרכור,Pardes Hanna - Kakur,Menashe,Haifa Area
שדה יצחק,Sdeh Itzhak,Menashe,Haifa Area
שדות ים,Sdot Yam,Menashe,Haifa Area
שער מנשה,Sha'ar Menashe,Menashe,Haifa Area
מתחם שביל התפוזים,Shvil HaTapuzim Compound,Menashe,Haifa Area
תלמי אלעזר,Talmei Elazar,Menashe,Haifa Area
אזור תעשייה יקנעם עילית,Yokneam Illit Industrial Zone,Menashe,Haifa Area
זכרון יעקב,Zichron Yacov,Menashe,Haifa Area
אל עריאן,Al Arian,Wadi Ara,Haifa Area
ערערה,Ar'ara,Wadi Ara,Haifa Area
עין אל סהלה,Ayn Al-Sahla,Wadi Ara,Haifa Area
ברטעה,Bart'a,Wadi Ara,Haifa Area
באקה אל גרבייה,Bqa Al-Gharbiyye,Wadi Ara,Haifa Area
דליה,Dalia,Wadi Ara,Haifa Area
עין העמק,Ein HaEmek,Wadi Ara,Haifa Area
עין השופט,Ein HaShofet,Wadi Ara,Haifa Area
אליקים,Elyakim,Wadi Ara,Haifa Area
גלעד,Gal'ed,Wadi Ara,Haifa Area
גבעת ניל'י,Givat Nili,Wadi Ara,Haifa Area
גבעת עוז,Givat Oz,Wadi Ara,Haifa Area
חריש,Harish,Wadi Ara,Haifa Area
ג'ת,Jatt,Wadi Ara,Haifa Area
קציר,Katzir,Wadi Ara,Haifa Area
כפר קרע,Kfar Kara,Wadi Ara,Haifa Area
קיבוץ מגידו,Kibutz Megiddo,Wadi Ara,Haifa Area
מעלה עירון,Ma'aleh Iron,Wadi Ara,Haifa Area
מגל,Magal,Wadi Ara,Haifa Area
מי עמי,Mei Ami,Wadi Ara,Haifa Area
מייסר,Meiser,Wadi Ara,Haifa Area
מצר,Metzer,Wadi Ara,Haifa Area
מדרך עוז,Midrach Oz,Wadi Ara,Haifa Area
משמר העמק,Mishmar HaEmek,Wadi Ara,Haifa Area
מצפה אילן,Mitzpeh Ilan,Wadi Ara,Haifa Area
מועאוויה,Mu'awiya,Wadi Ara,Haifa Area
רמת השופט,Ramat HaShofet,Wadi Ara,Haifa Area
רמות מנשה,Ramot Menashe,Wadi Ara,Haifa Area
רגבים,Regavim,Wadi Ara,Haifa Area
אום אל פחם,Umm Al-Fahm,Wadi Ara,Haifa Area
אום אל קוטוף,Umm Al-Qutuf,Wadi Ara,Haifa Area
יקנעם עילית,Yokneam Illit,Wadi Ara,Haifa Area
יקנעם המושבה והזורע,Yokneam Moshava And HaZoreah,Wadi Ara,Haifa Area
עמינדב,Aminadav,Jerusalem,Jerusalem
בית זית,Beit Zayit,Jerusalem,Jerusalem
פנימיית עין כרם,Ein Kerem Boarding School,Jerusalem,Jerusalem
אבן ספיר,Even Sapir,Jerusalem,Jerusalem
גבעת זאב,Givat Ze'ev,Jerusalem,Jerusalem
גבעון החדשה,Givon HaHadasha,Jerusalem,Jerusalem
ירושלים - אזור תעשייה עטרות,Jerusalem - Atarot Industrial Zone,Jerusalem,Jerusalem
ירושלים - מרכז,Jerusalem - Center,Jerusalem,Jerusalem
ירושלים - מזרח,Jerusalem - East,Jerusalem,Jerusalem
ירושלים - צפון,Jerusalem - North,Jerusalem,Jerusalem
ירושלים - כפר עקב,Jerusalem - Qafr 'Aqab,Jerusalem,Jerusalem
ירושלים - דרום,Jerusalem - South,Jerusalem,Jerusalem
ירושלים - מערב,Jerusalem - West,Jerusalem,Jerusalem
מבשרת ציון,Mevasseret Zion,Jerusalem,Jerusalem
מוצא עילית,Motza Illit,Jerusalem,Jerusalem
אורה,Ora,Jerusalem,Jerusalem
אחיעזר,Achiezer,HaShfela,Sharon / Shephelah
אחיסמך,Ahisemech,HaShfela,Sharon / Shephelah
עיינות,Ayanot,HaShfela,Sharon / Shephelah
עזריה,Azaria,HaShfela,Sharon / Shephelah
באר יעקב,Be'er Yacov,HaShfela,Sharon / Shephelah
בית דגן,Beit Dagan,HaShfela,Sharon / Shephelah
בית חנן,Beit Hanan,HaShfela,Sharon / Shephelah
בית חשמונאי,Beit Hashmonai,HaShfela,Sharon / Shephelah
בית עובד,Beit Oved,HaShfela,Sharon / Shephelah
בית עוזיאל,Beit Uziel,HaShfela,Sharon / Shephelah
בן שמן,Ben Shemen,HaShfela,Sharon / Shephelah
כפר נוער בן שמן,Ben Shemen Youth Village,HaShfela,Sharon / Shephelah
גן שלמה,Gan Shlomo,HaShfela,Sharon / Shephelah
גן שורק,Gan Sorek,HaShfela,Sharon / Shephelah
גני הדר,Ganei Hadar,HaShfela,Sharon / Shephelah
גני יוחנן,Ganei Yochanan,HaShfela,Sharon / Shephelah
גנות,Ganot,HaShfela,Sharon / Shephelah
גאליה,Ge'alya,HaShfela,Sharon / Shephelah
אזור תעשייה גדרה,Gedera Industrial Area,HaShfela,Sharon / Shephelah
גזר,Gezer,HaShfela,Sharon / Shephelah
גיבתון,Gibton,HaShfela,Sharon / Shephelah
גינתון,Ginaton,HaShfela,Sharon / Shephelah
חמד,Hemed,HaShfela,Sharon / Shephelah
חולדה,Hulda,HaShfela,Sharon / Shephelah
אירוס,Irus,HaShfela,Sharon / Shephelah
כרמי יוסף,Karmei Yossef,HaShfela,Sharon / Shephelah
כפר ביל'ו,Kfar Bilu,HaShfela,Sharon / Shephelah
כפר בן נון,Kfar Bin Nun,HaShfela,Sharon / Shephelah
כפר חב'ד,Kfar Chabad,HaShfela,Sharon / Shephelah
כפר שמואל,Kfar Shmuel,HaShfela,Sharon / Shephelah
קריית עקרון,Kiryat Ekron,HaShfela,Sharon / Shephelah
לוד,Lod,HaShfela,Sharon / Shephelah
מצליח,Matzliach,HaShfela,Sharon / Shephelah
מזכרת בתיה,Mazkeret Batya,HaShfela,Sharon / Shephelah
משמר איילון,Mishmar Ayalon,HaShfela,Sharon / Shephelah
משמר דוד,Mishmar David,HaShfela,Sharon / Shephelah
משמר השבעה,Mishmar HaShiva,HaShfela,Sharon / Shephelah
נען,Na'an,HaShfela,Sharon / Shephelah
אזור תעשייה נשר - רמלה,Nesher Industrial Zone (Ramla),HaShfela,Sharon / Shephelah
נס ציונה,Ness Ziona,HaShfela,Sharon / Shephelah
נטעים,Neta'im,HaShfela,Sharon / Shephelah
נצר חזני,Netzer Hazani,HaShfela,Sharon / Shephelah
נצר סרני,Netzer Sireni,HaShfela,Sharon / Shephelah
ניר צבי,Nir Zvi,HaShfela,Sharon / Shephelah
פארק תעשיות פלמחים,Palmachin Industrial Park,HaShfela,Sharon / Shephelah
פדיה,Pdaya,HaShfela,Sharon / Shephelah
פתחיה,Ptachia,HaShfela,Sharon / Shephelah
רמלה,Ramla,HaShfela,Sharon / Shephelah
רמות מאיר,Ramot Meir,HaShfela,Sharon / Shephelah
רחובות,Rehovot,HaShfela,Sharon / Shephelah
ראשון לציון - מזרח,Rishon LeZion - East,HaShfela,Sharon / Shephelah
ראשון לציון - מערב,Rishon LeZion - West,HaShfela,Sharon / Shephelah
סתריה,Sitria,HaShfela,Sharon / Shephelah
צפריה,Tzafria,HaShfela,Sharon / Shephelah
יד רמב'ם,Yad Rambam,HaShfela,Sharon / Shephelah
יגל,Yagel,HaShfela,Sharon / Shephelah
ישרש,Yashresh,HaShfela,Sharon / Shephelah
יציץ,Yatzitz,HaShfela,Sharon / Shephelah
יסודות,Yesodot,HaShfela,Sharon / Shephelah
זיתן,Zeitan,HaShfela,Sharon / Shephelah
תעשיון צריפין,Zrifin Industrial Zone,HaShfela,Sharon / Shephelah
אחווה,Achva,Lachish,Sharon / Shephelah
אזור תעשייה עד הלום,Ad Halom Industrial Zone,Lachish,Sharon / Shephelah
אחוזם,Ahuzam,Lachish,Sharon / Shephelah
אל עזי,Al Azi,Lachish,Sharon / Shephelah
אלומה,Aluma,Lachish,Sharon / Shephelah
ערוגות,Arugot,Lachish,Sharon / Shephelah
"אשדוד - א,ב,ד,ה","Ashdod - Alef, Bet, Dalet, Heh",Lachish,Sharon / Shephelah
"אשדוד - ג,ו,ז","Ashdod - Gimmel, Vav, Zain",Lachish,Sharon / Shephelah
"אשדוד - ח,ט,י,יג,יד,טז","Ashdod - Het, Tet, Yod, Yod Gimmel, Yod Dalet, Te*",Lachish,Sharon / Shephelah
אשדוד - איזור תעשייה צפוני,Ashdod - Northen Industrial Zone,Lachish,Sharon / Shephelah
"אשדוד -יא,יב,טו,יז,מרינה,סיטי","Ashdod-11,12,15,17,Marine,City",Lachish,Sharon / Shephelah
עשרת,Asseret,Lachish,Sharon / Shephelah
אביגדור,Avigdor,Lachish,Sharon / Shephelah
עזריקם,Azrikam,Lachish,Sharon / Shephelah
באר טוביה,Be'er Tuvia,Lachish,Sharon / Shephelah
אזור תעשייה באר טוביה,Be'er Tuvia Industrial Zone,Lachish,Sharon / Shephelah
בית אלעזרי,Beit Elazari,Lachish,Sharon / Shephelah
בית עזרא,Beit Ezra,Lachish,Sharon / Shephelah
בית גמליאל,Beit Gamliel,Lachish,Sharon / Shephelah
בית חלקיה,Beit Hilkia,Lachish,Sharon / Shephelah
בן זכאי,Ben Zakai,Lachish,Sharon / Shephelah
ביצרון,Bitzaron,Lachish,Sharon / Shephelah
בניה,Bnaya,Lachish,Sharon / Shephelah
בני עי'ש,Bnei Ayish,Lachish,Sharon / Shephelah
בני דרום,Bnei Darom,Lachish,Sharon / Shephelah
מתחם בני דרום,Bnei Darom Compound,Lachish,Sharon / Shephelah
בני ראם,Bnei Re'em,Lachish,Sharon / Shephelah
עין צורים,Ein Tzurim,Lachish,Sharon / Shephelah
איתן,Eitan,Lachish,Sharon / Shephelah
אמונים,Emunim,Lachish,Sharon / Shephelah
אבן שמואל,Even Shmuel,Lachish,Sharon / Shephelah
עזר,Ezer,Lachish,Sharon / Shephelah
גן הדרום,Gan HaDarom,Lachish,Sharon / Shephelah
גן יבנה,Gan Yavne,Lachish,Sharon / Shephelah
גני טל,Ganei Tal,Lachish,Sharon / Shephelah
גת,Gat,Lachish,Sharon / Shephelah
גדרה,Gdera,Lachish,Sharon / Shephelah
גבעת ברנר,Givat Brenner,Lachish,Sharon / Shephelah
גבעת וושינגטון,Givat Washington,Lachish,Sharon / Shephelah
גבעתי,Givati,Lachish,Sharon / Shephelah
חפץ חיים,Hafetz Haim,Lachish,Sharon / Shephelah
חצב,Hatzav,Lachish,Sharon / Shephelah
חצור,Hatzor,Lachish,Sharon / Shephelah
כנות,Kannot,Lachish,Sharon / Shephelah
אזור תעשייה כנות,Kannot Industrial Zone,Lachish,Sharon / Shephelah
קדמה,Kedma,Lachish,Sharon / Shephelah
כרם ביבנה,Kerem BeYavne,Lachish,Sharon / Shephelah
כפר אחים,Kfar Achim,Lachish,Sharon / Shephelah
כפר אביב,Kfar Aviv,Lachish,Sharon / Shephelah
כפר הנגיד,Kfar HaNagid,Lachish,Sharon / Shephelah
כפר הרי'ף וצומת ראם,Kfar HaRif And Re'em Junction,Lachish,Sharon / Shephelah
כפר מרדכי,Kfar Mordechai,Lachish,Sharon / Shephelah
כפר ורבורג,Kfar Warburg,Lachish,Sharon / Shephelah
קדרון,Kidron,Lachish,Sharon / Shephelah
"קריית גת, כרמי גת","Kiryat Gat , Karmei Gat",Lachish,Sharon / Shephelah
אזור תעשייה קריית גת,Kiryat Gat - Industrial Zone,Lachish,Sharon / Shephelah
תחנת רכבת קריית מלאכי - יואב,Kiryat Mal'akhi-Yoav Train Station,Lachish,Sharon / Shephelah
קריית מלאכי,Kiryat Malachi,Lachish,Sharon / Shephelah
קוממיות,Kommemiut,Lachish,Sharon / Shephelah
קבוצת יבנה,Kvutzat Yavne,Lachish,Sharon / Shephelah
לכיש,Lakhish,Lachish,Sharon / Shephelah
מעון צופיה,Maon Tzofia,Lachish,Sharon / Shephelah
משואות יצחק,Masuot Itzhak,Lachish,Sharon / Shephelah
מישר,Meishar,Lachish,Sharon / Shephelah
מנוחה,Menucha,Lachish,Sharon / Shephelah
מרכז שפירא,Merkaz Shapira,Lachish,Sharon / Shephelah
משגב דב,Misgav Dov,Lachish,Sharon / Shephelah
נחלה,Nachla,Lachish,Sharon / Shephelah
נגבה,Negba,Lachish,Sharon / Shephelah
נהורה,Nehora,Lachish,Sharon / Shephelah
נווה מבטח,Neveh Mivtach,Lachish,Sharon / Shephelah
ניר בנים,Nir Banim,Lachish,Sharon / Shephelah
ניר ח'ן,Nir Chen,Lachish,Sharon / Shephelah
ניר גלים,Nir Galim,Lachish,Sharon / Shephelah
נועם,Noam,Lachish,Sharon / Shephelah
נוגה,Noga,Lachish,Sharon / Shephelah
אורות,Orot,Lachish,Sharon / Shephelah
עוצם,Otzem,Lachish,Sharon / Shephelah
פלמחים,Palmachim,Lachish,Sharon / Shephelah
פארק תעשייה ראם,Re'em Industrial Park,Lachish,Sharon / Shephelah
רווחה,Revacha,Lachish,Sharon / Shephelah
רבדים,Revadim,Lachish,Sharon / Shephelah
אזור תעשייה רבדים,Revadim Industrial Zone,Lachish,Sharon / Shephelah
שדה דוד,Sdeh David,Lachish,Sharon / Shephelah
שדה משה,Sdeh Moshe,Lachish,Sharon / Shephelah
שדה עוזיהו,Sdeh Uziahu,Lachish,Sharon / Shephelah
שדה יואב,Sdeh Yoav,Lachish,Sharon / Shephelah
סגולה,Sgula,Lachish,Sharon / Shephelah
שחר,Shachar,Lachish,Sharon / Shephelah
שפיר,Shafir,Lachish,Sharon / Shephelah
שלווה,Shalva,Lachish,Sharon / Shephelah
שדמה,Shdema,Lachish,Sharon / Shephelah
שתולים,Shtulim,Lachish,Sharon / Shephelah
תלמי יחיאל,Talmei Yehiel,Lachish,Sharon / Shephelah
תימורים,Timorim,Lachish,Sharon / Shephelah
אזור תעשייה תימורים,Timorimg Industrial Zone,Lachish,Sharon / Shephelah
תלמים,Tlamim,Lachish,Sharon / Shephelah
עוזה,Uzza,Lachish,Sharon / Shephelah
ורדון,Vardon,Lachish,Sharon / Shephelah
יד בנימין,Yad Binyamin,Lachish,Sharon / Shephelah
יד נתן,Yad Natan,Lachish,Sharon / Shephelah
יבנה,Yavne,Lachish,Sharon / Shephelah
ינון,Yinon,Lachish,Sharon / Shephelah
זבדיאל,Zavdiel,Lachish,Sharon / Shephelah
זוהר,Zohar,Lachish,Sharon / Shephelah
זרחיה,Zrahia,Lachish,Sharon / Shephelah
עדנים,Adanim,Sharon,Sharon / Shephelah
אחיטוב,Ahituv,Sharon,Sharon / Shephelah
אלפי מנשה,Alfei Menashe,Sharon,Sharon / Shephelah
אמץ,Amatz,Sharon,Sharon / Shephelah
ארסוף,Arsuf,Sharon,Sharon / Shephelah
אביחיל,Avihail,Sharon,Sharon / Shephelah
עזריאל,Azriel,Sharon,Sharon / Shephelah
בחן,Bahan,Sharon,Sharon / Shephelah
בת חן,Bat Chen,Sharon,Sharon / Shephelah
בת חפר,Bat Hefer,Sharon,Sharon / Shephelah
בצרה,Batzra,Sharon,Sharon / Shephelah
בארותיים,Be'erotaim,Sharon,Sharon / Shephelah
בית ברל,Beit Berl,Sharon,Sharon / Shephelah
בית הלוי,Beit HaLevi,Sharon,Sharon / Shephelah
בית חרות,Beit Herut,Sharon,Sharon / Shephelah
בית ינאי,Beit Yannai,Sharon,Sharon / Shephelah
בית יהושע,Beit Yehoshua,Sharon,Sharon / Shephelah
בית יצחק - שער חפר,Beit Yithak - Sha'ar Hefer,Sharon,Sharon / Shephelah
ביתן אהרן,Bitan Aharon,Sharon,Sharon / Shephelah
בני דרור,Bnei Dror,Sharon,Sharon / Shephelah
בני ציון,Bnei Zion,Sharon,Sharon / Shephelah
בורגתה,Burgata,Sharon,Sharon / Shephelah
עין החורש,Ein HaHoresh,Sharon,Sharon / Shephelah
עין שריד,Ein Sarid,Sharon,Sharon / Shephelah
עין ורד,Ein Vered,Sharon,Sharon / Shephelah
אלישמע,Elishema,Sharon,Sharon / Shephelah
אלקנה,Elkana,Sharon,Sharon / Shephelah
אליכין,Elyachin,Sharon,Sharon / Shephelah
אלישיב,Elyashiv,Sharon,Sharon / Shephelah
אזור תעשייה עמק חפר,Emek Heffer Industrial Zone,Sharon,Sharon / Shephelah
עץ אפרים,Etz Ephraim,Sharon,Sharon / Shephelah
אבן יהודה,Even Yehuda,Sharon,Sharon / Shephelah
אייל,Eyal,Sharon,Sharon / Shephelah
געש,Ga'ash,Sharon,Sharon / Shephelah
גן חיים,Gan Haim,Sharon,Sharon / Shephelah
גן יאשיה,Gan Yoshia,Sharon,Sharon / Shephelah
גני עם,Ganei Am,Sharon,Sharon / Shephelah
גאולי תימן,Geulei Teiman,Sharon,Sharon / Shephelah
גאולים,Geulim,Sharon,Sharon / Shephelah
גנות הדר,Ginot Hadar,Sharon,Sharon / Shephelah
גבעת חיים איחוד,Givat Haim (Ihud),Sharon,Sharon / Shephelah
גבעת חיים מאוחד,Givat Haim (Meuhad),Sharon,Sharon / Shephelah
גבעת חן,Givat Hen,Sharon,Sharon / Shephelah
גבעת שפירא,Givat Shapira,Sharon,Sharon / Shephelah
המעפיל,HaMa'apil,Sharon,Sharon / Shephelah
העוגן,HaOgen,Sharon,Sharon / Shephelah
הדר עם,Hadar Am,Sharon,Sharon / Shephelah
חגור,Hagor,Sharon,Sharon / Shephelah
חניאל,Haniel,Sharon,Sharon / Shephelah
חרוצים,Harutzim,Sharon,Sharon / Shephelah
חבצלת השרון וצוקי ים,Havatzelet HaSharon And Tzukei Yam,Sharon,Sharon / Shephelah
חרב לאת,Herev Le'Et,Sharon,Sharon / Shephelah
חרות,Herut,Sharon,Sharon / Shephelah
חיבת ציון,Hibat Zion,Sharon,Sharon / Shephelah
הוד השרון,Hod HaSharon,Sharon,Sharon / Shephelah
חופית,Hofit,Sharon,Sharon / Shephelah
חגלה,Hogla,Sharon,Sharon / Shephelah
חורשים,Horashim,Sharon,Sharon / Shephelah
ג'לג'וליה,Jaljulia,Sharon,Sharon / Shephelah
כפר ברא,Kafr Bara,Sharon,Sharon / Shephelah
כפר מל'ל,Kafr Misr,Sharon,Sharon / Shephelah
כפר עבודה,Kfar Avoda,Sharon,Sharon / Shephelah
כפר הרא'ה,Kfar HaRoeh,Sharon,Sharon / Shephelah
כפר חיים,Kfar Haim,Sharon,Sharon / Shephelah
כפר הס,Kfar Hess,Sharon,Sharon / Shephelah
כפר קאסם,Kfar Kassem,Sharon,Sharon / Shephelah
כפר מונש,Kfar Monash,Sharon,Sharon / Shephelah
כפר נטר,Kfar Netter,Sharon,Sharon / Shephelah
כפר סבא,Kfar Saba,Sharon,Sharon / Shephelah
כפר ויתקין,Kfar Vitkin,Sharon,Sharon / Shephelah
כפר ידידיה,Kfar Yedidia,Sharon,Sharon / Shephelah
כפר יונה,Kfar Yona,Sharon,Sharon / Shephelah
אזור תעשייה כפר יונה,Kfar Yona Industrial Zone,Sharon,Sharon / Shephelah
כוכב יאיר - צור יגאל,Kokhav Ya'ir - Tzur Yigal,Sharon,Sharon / Shephelah
מעברות,Ma'abarot,Sharon,Sharon / Shephelah
מתן,Matan,Sharon,Sharon / Shephelah
מכמורת,Mikhmoret,Sharon,Sharon / Shephelah
משמר השרון,Mishmar HaSharon,Sharon,Sharon / Shephelah
משמרת,Mishmeret,Sharon,Sharon / Shephelah
בית עלמין מורשה,Morasha Cemetery,Sharon,Sharon / Shephelah
נתניה - מזרח,Netanya - East,Sharon,Sharon / Shephelah
נתניה - מערב,Netanya - West,Sharon,Sharon / Shephelah
נעורים,Neurim,Sharon,Sharon / Shephelah
נווה ימין,Neveh Yamin,Sharon,Sharon / Shephelah
נווה ירק,Neveh Yarak,Sharon,Sharon / Shephelah
ניר אליהו,Nir Eliyahu,Sharon,Sharon / Shephelah
נירית,Nirit,Sharon,Sharon / Shephelah
ניצני עוז,Nitzanei Oz,Sharon,Sharon / Shephelah
נורדיה,Nordia,Sharon,Sharon / Shephelah
עולש,Olesh,Sharon,Sharon / Shephelah
אורנית,Oranit,Sharon,Sharon / Shephelah
מסוף אורנית,Oranit Terminal,Sharon,Sharon / Shephelah
פרדסיה,Pardessiya,Sharon,Sharon / Shephelah
פורת,Porat,Sharon,Sharon / Shephelah
קדימה צורן,Qadima - Zoran,Sharon,Sharon / Shephelah
קלנסווה,Qalansawe,Sharon,Sharon / Shephelah
רעננה,Ra'anana,Sharon,Sharon / Shephelah
רמת הכובש,Ramat HaKovesh,Sharon,Sharon / Shephelah
רמות השבים,Ramot HaShavim,Sharon,Sharon / Shephelah
רשפון,Rishpon,Sharon,Sharon / Shephelah
תחנת רכבת ראש העין,Rosh Ha’Ayin Train Station,Sharon,Sharon / Shephelah
המרכז האקדמי רופין,Ruppin Academic Center,Sharon,Sharon / Shephelah
סלעית,Salit,Sharon,Sharon / Shephelah
שדה ורבורג,Sdeh Warburg,Sharon,Sharon / Shephelah
שדי חמד,Sdei Hemed,Sharon,Sharon / Shephelah
שער אפרים,Sha'ar Efraim,Sharon,Sharon / Shephelah
שערי תקווה,Sha'arei Tikva,Sharon,Sharon / Shephelah
שפיים,Shefayim,Sharon,Sharon / Shephelah
שושנת העמקים,Shoshanat Ha'Amakim,Sharon,Sharon / Shephelah
מרכז אזורי דרום השרון,Southern Sharon Regional Center,Sharon,Sharon / Shephelah
טייבה,Tayibe,Sharon,Sharon / Shephelah
תל יצחק,Tel Itzhak,Sharon,Sharon / Shephelah
תל מונד,Tel Mond,Sharon,Sharon / Shephelah
טירה,Tira,Sharon,Sharon / Shephelah
תנובות,Tnuvot,Sharon,Sharon / Shephelah
צופית,Tzofit,Sharon,Sharon / Shephelah
צור יצחק,Tzur Itzhak,Sharon,Sharon / Shephelah
צור משה,Tzur Moshe,Sharon,Sharon / Shephelah
צור נתן,Tzur Natan,Sharon,Sharon / Shephelah
אודים,Udim,Sharon,Sharon / Shephelah
מכון וינגייט,Wingate Institute,Sharon,Sharon / Shephelah
יד חנה,Yad Hana,Sharon,Sharon / Shephelah
ירחיב,Yafhiv,Sharon,Sharon / Shephelah
יקום,Yakum,Sharon,Sharon / Shephelah
ינוב,Yanuv,Sharon,Sharon / Shephelah
ירקונה,Yarkona,Sharon,Sharon / Shephelah
"יעבץ, יעף","Yavetz, Ye'af",Sharon,Sharon / Shephelah
זמר,Zemer,Sharon,Sharon / Shephelah
צופים,Zufim,Sharon,Sharon / Shephelah
אשקלון - צפון,Ashkelon - North,West Lachish,Sharon / Shephelah
אשקלון - דרום,Ashkelon - South,West Lachish,Sharon / Shephelah
אזור תעשייה צפוני אשקלון,Ashkelon Northern Industrial Zone,West Lachish,Sharon / Shephelah
אזור תעשייה הדרומי אשקלון,Ashkelon Southern Industrial Zone,West Lachish,Sharon / Shephelah
בת הדר,Bat Hadar,West Lachish,Sharon / Shephelah
באר גנים,Be'er Ganim,West Lachish,Sharon / Shephelah
בית שקמה,Beit Shikma,West Lachish,Sharon / Shephelah
ברכיה,Berekhya,West Lachish,Sharon / Shephelah
גיאה,Ge'a,West Lachish,Sharon / Shephelah
חלץ,Heletz,West Lachish,Sharon / Shephelah
הודיה,Hodaya,West Lachish,Sharon / Shephelah
כפר סילבר,Kfar Silver,West Lachish,Sharon / Shephelah
כוכב מיכאל,Kokhav Michael,West Lachish,Sharon / Shephelah
מבקיעים,Mavki'im,West Lachish,Sharon / Shephelah
משען,Mishan,West Lachish,Sharon / Shephelah
ניר ישראל,Nir Israel,West Lachish,Sharon / Shephelah
ניצן,Nitzan,West Lachish,Sharon / Shephelah
ניצנים,Nitzanim,West Lachish,Sharon / Shephelah
תלמי יפה,Talmei Yaffe,West Lachish,Sharon / Shephelah
פארק אריאל שרון,Ariel Sharon Park,Dan,Tel Aviv / Gush Dan
אזור,Azor,Dan,Tel Aviv / Gush Dan
בת ים,Bat-Yam,Dan,Tel Aviv / Gush Dan
בני ברק,Bnei Brak,Dan,Tel Aviv / Gush Dan
גני תקווה,Ganei Tikva,Dan,Tel Aviv / Gush Dan
גת רימון,Gat Rimon,Dan,Tel Aviv / Gush Dan
מתחם פי גלילות,Gelilot - Pi Compound,Dan,Tel Aviv / Gush Dan
גבעת השלושה,Givat HaShlosha,Dan,Tel Aviv / Gush Dan
גבעת שמואל,Givat Shmuel,Dan,Tel Aviv / Gush Dan
גבעתיים,Givatayim,Dan,Tel Aviv / Gush Dan
מתחם גלילות,Glilot Complex,Dan,Tel Aviv / Gush Dan
הרצליה - מרכז וגליל ים,Herzeliya - Center And Glil Yam,Dan,Tel Aviv / Gush Dan
הרצליה - מערב,Herzliya - West,Dan,Tel Aviv / Gush Dan
חולון,Holon,Dan,Tel Aviv / Gush Dan
בחלק מהאזורים בארץ,In Certain Areas of The Country,Dan,Tel Aviv / Gush Dan
כפר שמריהו,Kfar Shmaryahu,Dan,Tel Aviv / Gush Dan
כפר סירקין,Kfar Sirkin,Dan,Tel Aviv / Gush Dan
קריית אונו,Kiryat Ono,Dan,Tel Aviv / Gush Dan
מעש,Maas,Dan,Tel Aviv / Gush Dan
מגשימים,Magshimim,Dan,Tel Aviv / Gush Dan
מקווה ישראל,Mikveh Israel,Dan,Tel Aviv / Gush Dan
אור יהודה,Or Yehuda,Dan,Tel Aviv / Gush Dan
פתח תקווה,Petach Tikva,Dan,Tel Aviv / Gush Dan
רמת גן - מזרח,Ramat Gan - East,Dan,Tel Aviv / Gush Dan
רמת גן - מערב,Ramat Gan - West,Dan,Tel Aviv / Gush Dan
רמת השרון,Ramat HaSharon,Dan,Tel Aviv / Gush Dan
סביון,Savyon,Dan,Tel Aviv / Gush Dan
תל אביב - עבר הירקון,Tel Aviv - Across The Yarkon,Dan,Tel Aviv / Gush Dan
תל אביב - מרכז העיר,Tel Aviv - City Center,Dan,Tel Aviv / Gush Dan
תל אביב - מזרח,Tel Aviv - East,Dan,Tel Aviv / Gush Dan
תל אביב - דרום העיר ויפו,Tel Aviv - South And Jaffa,Dan,Tel Aviv / Gush Dan
יהוד מונוסון,Yehud - Monoson,Dan,Tel Aviv / Gush Dan
אזור תעשייה אפק ולב הארץ,"Afek And Lev Ha""aretz Industrial Zone",Yarkon,Tel Aviv / Gush Dan
איירפורט סיטי,Airport City,Yarkon,Tel Aviv / Gush Dan
ברקת,Bareket,Yarkon,Tel Aviv / Gush Dan
בארות יצחק,Be'erot Itzhak,Yarkon,Tel Aviv / Gush Dan
בית עריף,Beit Arif,Yarkon,Tel Aviv / Gush Dan
בית נחמיה,Beit Nechemia,Yarkon,Tel Aviv / Gush Dan
בני עטרות,Bnei Atarot,Yarkon,Tel Aviv / Gush Dan
עינת,Einat,Yarkon,Tel Aviv / Gush Dan
אלעד,Elad,Yarkon,Tel Aviv / Gush Dan
גמזו,Gimzo,Yarkon,Tel Aviv / Gush Dan
גבעת כ'ח,Giv'at Ko'ah,Yarkon,Tel Aviv / Gush Dan
חדיד,Hadid,Yarkon,Tel Aviv / Gush Dan
חשמונאים,Hashmonaim,Yarkon,Tel Aviv / Gush Dan
אזור תעשייה חבל מודיעין שוהם,Hevel Modiin Shoham Industrial Zone,Yarkon,Tel Aviv / Gush Dan
כפר דניאל,Kfar Daniel,Yarkon,Tel Aviv / Gush Dan
כפר האורנים,Kfar HaOranim,Yarkon,Tel Aviv / Gush Dan
כפר רות,Kfar Rut,Yarkon,Tel Aviv / Gush Dan
כפר טרומן,Kfar Truman,Yarkon,Tel Aviv / Gush Dan
לפיד,Lapid,Yarkon,Tel Aviv / Gush Dan
מתתיהו,Matityahu,Yarkon,Tel Aviv / Gush Dan
מזור,Mazor,Yarkon,Tel Aviv / Gush Dan
מבוא חורון,Mevo Horon,Yarkon,Tel Aviv / Gush Dan
מבוא מודיעים,Mevo Modi'im,Yarkon,Tel Aviv / Gush Dan
מודיעין - ישפרו סנטר,Modi'in - Ishpro Center,Yarkon,Tel Aviv / Gush Dan
מודיעין - ליגד סנטר,Modi'in - Ligad Center,Yarkon,Tel Aviv / Gush Dan
מודיעין עילית,Modi'in Illit,Yarkon,Tel Aviv / Gush Dan
מודיעין מכבים רעות,Modi'in Maccabim Re'ut,Yarkon,Tel Aviv / Gush Dan
נחשונים,Nachshonim,Yarkon,Tel Aviv / Gush Dan
נחלים,Nechalim,Yarkon,Tel Aviv / Gush Dan
נאות קדומים,Neot Kedumim,Yarkon,Tel Aviv / Gush Dan
"נוף איילון, שעלבים","Nof Ayalon, Sha'alvim",Yarkon,Tel Aviv / Gush Dan
נופך,Nofech,Yarkon,Tel Aviv / Gush Dan
רינתיה,Rinatya,Yarkon,Tel Aviv / Gush Dan
ראש העין,Rosh HaAyin,Yarkon,Tel Aviv / Gush Dan
שילת,Shilat,Yarkon,Tel Aviv / Gush Dan
שוהם,Shoham,Yarkon,Tel Aviv / Gush Dan
טירת יהודה,Tirat Yehuda,Yarkon,Tel Aviv / Gush Dan
אדורה,Adora,Judea,West Bank
אדורים,Adoraim,Judea,West Bank
עלמון,Almon,Judea,West Bank
אלון,Alon,Judea,West Bank
אלון שבות,Alon Shvut,Judea,West Bank
עשהאל,Asa'el,Judea,West Bank
בת עין,Bat Ayin,Judea,West Bank
"בית חג""י",Beit Hagai,Judea,West Bank
בית יתיר,Beit Yatir,Judea,West Bank
ביתר עילית,Beitar Illit,Judea,West Bank
בני דקלים,Bnei Dkalim,Judea,West Bank
כרמל,Carmel,Judea,West Bank
אפרת,Efrat,Judea,West Bank
אלעזר,Elazar,Judea,West Bank
אליאב,Eliav,Judea,West Bank
צומת הגוש,Gush Etzion Junction,Judea,West Bank
גבעות,Gvaot,Judea,West Bank
הר עמשא,Har Amsha,Judea,West Bank
הר גילה,Har Gilo,Judea,West Bank
היישוב היהודי חברון,Hevron Jewish Settlement,Judea,West Bank
כרמי קטיף ואמציה,Karmei Katif And Amatzia,Judea,West Bank
כרמי צור,Karmei Tzur,Judea,West Bank
קדר,Kedar,Judea,West Bank
כפר אדומים,Kfar Edomim,Judea,West Bank
כפר אלדד,Kfar Eldad,Judea,West Bank
כפר עציון,Kfar Etzion,Judea,West Bank
קרית ארבע,Kiryat Arba,Judea,West Bank
מעלה חבר,Ma'ale Hever,Judea,West Bank
מעלה רחבעם,Ma'ale Rekhav'am,Judea,West Bank
מעלה עמוס,Ma'aleh Amos,Judea,West Bank
מעלה אדומים,Ma'aleh Edomim,Judea,West Bank
מעון,Ma'on,Judea,West Bank
מיצד,Metzad,Judea,West Bank
מגדל עוז,Migdal Oz,Judea,West Bank
מצפה יריחו,Mitzpeh Yericho,Judea,West Bank
נגוהות,Negohot,Judea,West Bank
נטע,Neta,Judea,West Bank
נווה דניאל,Neveh Daniel,Judea,West Bank
נופי פרת,Nofei Prat,Judea,West Bank
נוקדים,Nokdim,Judea,West Bank
עתניאל,Otniel,Judea,West Bank
פני קדם,Pnei Kedem,Judea,West Bank
ראש צורים,Rosh Tzurim,Judea,West Bank
שדה בר,Sdeh Bar,Judea,West Bank
שקף,Shekef,Judea,West Bank
שני ליבנה,Sheni LeYavne,Judea,West Bank
שמעה,Shim'a,Judea,West Bank
שומריה,Shomria,Judea,West Bank
סוסיא,Susya,Judea,West Bank
תלם,Telem,Judea,West Bank
טנא עומרים,Teneh Omarim,Judea,West Bank
תקוע,Tko'a,Judea,West Bank
אבו גוש,Abu Gosh,Judea Foothills,West Bank
אדרת,Aderet,Judea Foothills,West Bank
עגור,Agur,Judea Foothills,West Bank
אביעזר,Aviezer,Judea Foothills,West Bank
בר גיורא,Bar Giora,Judea Foothills,West Bank
בית גוברין,Beit Guvrin,Judea Foothills,West Bank
בית מאיר,Beit Meir,Judea Foothills,West Bank
בית נקופה,Beit Nekofa,Judea Foothills,West Bank
בית ניר,Beit Nir,Judea Foothills,West Bank
בית שמש,Beit Shemesh,Judea Foothills,West Bank
בקוע,Beko'a,Judea Foothills,West Bank
אזור תעשייה ברוש,Brosh Industrial Zone,Judea Foothills,West Bank
עין נקובא,Ein Naqquba,Judea Foothills,West Bank
עין ראפה,Ein Rafa,Judea Foothills,West Bank
אשתאול,Eshtaol,Judea Foothills,West Bank
גלאון,Galon,Judea Foothills,West Bank
גפן,Geffen,Judea Foothills,West Bank
גבעות עדן,Giv'ot Eden,Judea Foothills,West Bank
גבעת ישעיהו,Givat Ishayahu,Judea Foothills,West Bank
גבעת יערים,Givat Yearim,Judea Foothills,West Bank
גיזו,Gizo,Judea Foothills,West Bank
הר אדר,Har Adar,Judea Foothills,West Bank
אזור תעשייה הר טוב - צרעה,Har Tuv - Tzora Industrial Zone,Judea Foothills,West Bank
הראל,Harel,Judea Foothills,West Bank
כפר מנחם,Kfar Menachem,Judea Foothills,West Bank
כפר אוריה,Kfar Uriah,Judea Foothills,West Bank
כפר זוהרים,Kfar Zoharim,Judea Foothills,West Bank
קריית ענבים,Kiryat Anavim,Judea Foothills,West Bank
כפר הנוער קריית יערים,Kiryat Ye'arim Youth Village,Judea Foothills,West Bank
קריית יערים,Kiryat Yearim,Judea Foothills,West Bank
כסלון,Ksalon,Judea Foothills,West Bank
לטרון,Latrun,Judea Foothills,West Bank
לוזית,Luzit,Judea Foothills,West Bank
מעלה החמישה,Ma'aleh HaHamisha,Judea Foothills,West Bank
מחסיה,Mahsiya,Judea Foothills,West Bank
מטע,Mata,Judea Foothills,West Bank
מסילת ציון,Mesillat Zion,Judea Foothills,West Bank
מבוא ביתר,Mevo Beitar,Judea Foothills,West Bank
מיני ישראל - נחשון,Mini Israel - Nachshon,Judea Foothills,West Bank
נחשון,Nachshon,Judea Foothills,West Bank
נחם,Naham,Judea Foothills,West Bank
נטף,Nataf,Judea Foothills,West Bank
נחושה,Nehusha,Judea Foothills,West Bank
נס הרים,Ness Harim,Judea Foothills,West Bank
נתיב הל'ה,Netiv HaLamed-Heh,Judea Foothills,West Bank
נווה אילן,Neveh Ilan,Judea Foothills,West Bank
נווה מיכאל - רוגלית,Neveh Michael (Rogalit),Judea Foothills,West Bank
נווה שלום,Neveh Shalom,Judea Foothills,West Bank
רמת רזיאל,Ramat Raziel,Judea Foothills,West Bank
רטורנו - גבעת שמש,Retorno - Givat Shesh,Judea Foothills,West Bank
שדות מיכה,Sdot Micha,Judea Foothills,West Bank
שואבה,Shoeva,Judea Foothills,West Bank
שורש,Shoresh,Judea Foothills,West Bank
שריגים - לי-און,Srigim-Li On,Judea Foothills,West Bank
טל שחר,Tal Shachar,Judea Foothills,West Bank
תעוז,Taoz,Judea Foothills,West Bank
תרום,Tarom,Judea Foothills,West Bank
תירוש,Tirosh,Judea Foothills,West Bank
צפרירים,Tzafririm,Judea Foothills,West Bank
צלפון,Tzalfon,Judea Foothills,West Bank
צרעה,Tzora,Judea Foothills,West Bank
צובה,Tzuba,Judea Foothills,West Bank
צור הדסה,Tzur Hadassa,Judea Foothills,West Bank
יד השמונה,Yad HaShmona,Judea Foothills,West Bank
ישעי,Yish'i,Judea Foothills,West Bank
זנוח,Zanoah,Judea Foothills,West Bank
זכריה,Zekharia,Judea Foothills,West Bank
אחיה,Achita,Shomron,West Bank
עדי עד,Adei Ad,Shomron,West Bank
אעירה השחר,Aira Shachar,Shomron,West Bank
עלי זהב - לשם,Alei Zahav - Leshem,Shomron,West Bank
עמיחי,Amichai,Shomron,West Bank
אריאל,Ariel,Shomron,West Bank
אזור תעשייה אריאל,Ariel Industrial Park,Shomron,West Bank
עטרת,Atteret,Shomron,West Bank
אבני חפץ,Avnei Hefetz,Shomron,West Bank
אזור תעשייה בראון,Bar On Industrial Zone,Shomron,West Bank
ברקן,Barkan,Shomron,West Bank
אזור תעשייה ברקן,Barkan Industrial Park,Shomron,West Bank
בית אריה,Beit Arie,Shomron,West Bank
בית אל,Beit El,Shomron,West Bank
בית חורון,Beit Horon,Shomron,West Bank
ברוכין,Brukhin,Shomron,West Bank
דולב,Dolev,Shomron,West Bank
דורות עילית,Dorot Illit,Shomron,West Bank
ענב,Einav,Shomron,West Bank
עלי,Eli,Shomron,West Bank
מכינת אלישע,Elisha Preparatory,Shomron,West Bank
אלון מורה,Elon Moreh,Shomron,West Bank
אביתר,Evyatar,Shomron,West Bank
גבע בנימין,Geva Binyamin,Shomron,West Bank
גבעת אסף,Giv'at Asaf,Shomron,West Bank
גבעת הרואה,Givat Ha-Roe,Shomron,West Bank
גבעת הראל,Givat Harel,Shomron,West Bank
גבעת פורת יוסף,Givat Porat Yosef,Shomron,West Bank
גופנה,Gofna,Shomron,West Bank
הר ברכה,Har Bracha,Shomron,West Bank
חוות אביה,Havat Avia,Shomron,West Bank
חוות אביחי,Havat Avihai,Shomron,West Bank
חוות בניהו,Havat Bnayahu,Shomron,West Bank
חוות אל נווה,Havat El Naveh,Shomron,West Bank
חוות אלחי,Havat Elchai,Shomron,West Bank
חוות גלעד,Havat Gil'ad,Shomron,West Bank
חוות נחל שילה,Havat Hanal Shilo,Shomron,West Bank
חוות חנינא,Havat Hanina,Shomron,West Bank
חוות מעלה אהוביה,Havat Ma'ale Ahuvia,Shomron,West Bank
חוות מגנזי,Havat Maginzi,Shomron,West Bank
חוות מלכיאל,Havat Malkiel,Shomron,West Bank
חוות מרום שמואל,Havat Marom Shmuel,Shomron,West Bank
חוות מגדלים,Havat Megadlim,Shomron,West Bank
חוות נחלת צבי,Havat Nahalat Tzvi,Shomron,West Bank
חוות נווה צוף,Havat Neve Zuf,Shomron,West Bank
"חוות נוף אב""י",Havat Nof Avi,Shomron,West Bank
חוות עולם חסד,Havat Olam Hesed,Shomron,West Bank
חוות ראש תאנה,Havat Rosh Teena,Shomron,West Bank
חוות שדה,Havat Sade,Shomron,West Bank
חוות שחרית,Havat Shaharit,Shomron,West Bank
חוות שוביאל,Havat Shuviel,Shomron,West Bank
חוות יאיר,Havat Yair,Shomron,West Bank
חוות ינון,Havat Yenon,Shomron,West Bank
חוות צרידה,Havat Zrida,Shomron,West Bank
חרמש,Hermesh,Shomron,West Bank
חרמש דרום,Hermesh South,Shomron,West Bank
חיננית,Hinanit,Shomron,West Bank
חומש,Homesh,Shomron,West Bank
חרשה,Horasha,Shomron,West Bank
עמנואל,Immanuel,Shomron,West Bank
איתמר,Itamar,Shomron,West Bank
יצהר,Itzhar,Shomron,West Bank
קרני שומרון,Karnei Shomron,Shomron,West Bank
קדומים,Kdumim,Shomron,West Bank
כרם רעים,Kerem Reim,Shomron,West Bank
כפר תפוח,Kfar Tapuach,Shomron,West Bank
קידה,Kida,Shomron,West Bank
קריית נטפים,Kiryat Netafim,Shomron,West Bank
כוכב השחר,Kokhav HaShahar,Shomron,West Bank
כוכב יעקב,Kokhav Ya'akov,Shomron,West Bank
מעלה לבונה,Ma'aleh Levona,Shomron,West Bank
מעלה מכמש,Ma'aleh Michmash,Shomron,West Bank
מלאכי השלום,Malachei HaShalom,Shomron,West Bank
מגדלים,Megadlim,Shomron,West Bank
מבוא דותן,Mevo Dotan,Shomron,West Bank
מגרון,Migron,Shomron,West Bank
מצפה דני,Mitzpe Danny,Shomron,West Bank
נעלה,Na'aleh,Shomron,West Bank
נחליאל,Nachliel,Shomron,West Bank
נריה,Neria,Shomron,West Bank
נווה ארז,Neveh Erez,Shomron,West Bank
נווה צוף,Neveh Tzuf,Shomron,West Bank
נילי,Nili,Shomron,West Bank
נופי נחמיה,Nofei Nehemiah,Shomron,West Bank
נופים,Nofim,Shomron,West Bank
עופרים,Ofarim,Shomron,West Bank
עפרה,Ofra,Shomron,West Bank
פדואל,Paduel,Shomron,West Bank
פסגות,Psagot,Shomron,West Bank
רמת מגרון,Ramat Migron,Shomron,West Bank
רחלים,Rechelim,Shomron,West Bank
ריחן,Reihan,Shomron,West Bank
רבבה,Revava,Shomron,West Bank
רימונים,Rimonim,Shomron,West Bank
שדה אפרים,Sde Efrayim,Shomron,West Bank
אזור תעשייה שער בנימין,Sha'ar Binyamin Industrial Zone,Shomron,West Bank
אזור תעשייה שחק,Shahak Industrial Park,Shomron,West Bank
שקד,Shaked,Shomron,West Bank
שבי שומרון,Shavei Shomron,Shomron,West Bank
שילה,Shilo,Shomron,West Bank
שבות רחל,Shvut Rachel,Shomron,West Bank
טל מנשה,Tal Menashe,Shomron,West Bank
טלמון,Talmon,Shomron,West Bank
תל ציון,Tel Zion,Shomron,West Bank
יקיר,Yakir,Shomron,West Bank
יבוא דודי,Yevo Dodi,Shomron,West Bank
החווה של זוהר,Zohar's Farm,Shomron,West Bank
אפקה,Afeka,Yehuda,West Bank
סוסיא הקדומה,Ancient Susya,Yehuda,West Bank
אביגיל,Avigail,Yehuda,West Bank
בר כוכבא,Bar Kokhba,Yehuda,West Bank
בית הברכה,Beit HaBracha,Yehuda,West Bank
בני אדם,Beni Adam,Yehuda,West Bank
אשתמוע,Eshtemoa,Yehuda,West Bank
חוות דרומא,Havat Daroma,Yehuda,West Bank
חוות ארץ האיילים,Havat Eretzh Ha'Ayalim,Yehuda,West Bank
חוות אשכולות,Havat Eshkolot,Yehuda,West Bank
חוות הרועה העברי,Havat Haroe Haivri,Yehuda,West Bank
חוות קשואלה,Havat Kashuala,Yehuda,West Bank
חוות מלאכי אברהם,Havat Malchei Avraham,Yehuda,West Bank
חוות מדבר חבר,Havat Midbar Haver,Yehuda,West Bank
חוות מקנה יהודה,Havat Mikne Yehuda,Yehuda,West Bank
חוות מור ואברהם,Havat Mor Ve'Avraham,Yehuda,West Bank
חוות נחלת אבות,Havat Nahlat Avot,Yehuda,West Bank
חוות טליה,Havat Taliya,Yehuda,West Bank
חוות תלם צפון,Havat Telem North,Yehuda,West Bank
חוות טואמין,Havat Toamin,Yehuda,West Bank
חוות צאן קדר,Havat Tzon Kedar,Yehuda,West Bank
חוות יויו,Havat Yoyo,Yehuda,West Bank
איבי הנחל,Ibei HaNahal,Yehuda,West Bank
פארק תעשיות מגדל עוז,Industrial Park Migdal Oz,Yehuda,West Bank
קדר דרום,Kedar South,Yehuda,West Bank
אזור תעשייה מיתרים,Meitarim Industrial Zone,Yehuda,West Bank
אזור תעשייה מישור אדומים,Mishor Edomim Industrial Zone,Yehuda,West Bank
מצפה חגית,Mitzpe Hagit,Yehuda,West Bank
מצפה יאיר,Mitzpe Yair,Yehuda,West Bank
"מצפה זי""ו",Mitzpe ZIV,Yehuda,West Bank
עוז וגאון,Oz Ve'Gaon,Yehuda,West Bank
שדה בועז,Sde Boaz,Yehuda,West Bank
תקוע ד' וה',Tekoa Dalet And Hei,Yehuda,West Bank
הגבעה הצהובה,The Yellow Hill,Yehuda,West Bank
